Job ID,Batch,Subject,Color/Shape,Action,Context,Prompt VI,Target File,Status
"combo__sub-coc-su","ceramic-cup_level1","Cốc sứ trắng","","","","Cái cốc sứ trắng tinh (1 từ thử nghiệm, chưa có chìa khóa)","combo__sub-coc-su.webp","pending"
"combo__sub-coc-su__cs-su-trang-men-bong","ceramic-cup_level2","Cốc sứ trắng","Sứ trắng men bóng","","","Cái cốc sứ trắng tinh, chất liệu men sứ màu trắng sữa bóng bẩy mịn màng","combo__sub-coc-su__cs-su-trang-men-bong.webp","pending"
"combo__sub-coc-su__cs-me-mieng-goc","ceramic-cup_level2","Cốc sứ trắng","Mẻ miệng một góc","","","Cái cốc sứ trắng tinh, vết mẻ nhỏ một góc miệng cốc mộc mạc","combo__sub-coc-su__cs-me-mieng-goc.webp","pending"
"combo__sub-coc-su__cs-quai-cam-tron","ceramic-cup_level2","Cốc sứ trắng","Có quai tròn xinh","","","Cái cốc sứ trắng tinh, có quai cầm tròn xinh xắn","combo__sub-coc-su__cs-quai-cam-tron.webp","pending"
"combo__sub-coc-su__cs-su-trang-men-bong__act-khoi-nghi-ngut","ceramic-cup_level3","Cốc sứ trắng","Sứ trắng men bóng","Đang bốc khói nghi ngút","","Cái cốc sứ trắng tinh, chất liệu men sứ màu trắng sữa bóng bẩy mịn màng, làn hơi nóng bốc lên nghi ngút thơm lừng","combo__sub-coc-su__cs-su-trang-men-bong__act-khoi-nghi-ngut.webp","pending"
"combo__sub-coc-su__cs-su-trang-men-bong__act-toa-huong-thom","ceramic-cup_level3","Cốc sứ trắng","Sứ trắng men bóng","Tỏa hương thơm ngát","","Cái cốc sứ trắng tinh, chất liệu men sứ màu trắng sữa bóng bẩy mịn màng, đang tỏa hương trà thơm ngát ngập tràn","combo__sub-coc-su__cs-su-trang-men-bong__act-toa-huong-thom.webp","pending"
"combo__sub-coc-su__cs-su-trang-men-bong__act-chua-tra-nong","ceramic-cup_level3","Cốc sứ trắng","Sứ trắng men bóng","Chứa đầy trà nóng","","Cái cốc sứ trắng tinh, chất liệu men sứ màu trắng sữa bóng bẩy mịn màng, đang chứa đầy trà nóng ấm áp","combo__sub-coc-su__cs-su-trang-men-bong__act-chua-tra-nong.webp","pending"
"combo__sub-coc-su__cs-me-mieng-goc__act-khoi-nghi-ngut","ceramic-cup_level3","Cốc sứ trắng","Mẻ miệng một góc","Đang bốc khói nghi ngút","","Cái cốc sứ trắng tinh, vết mẻ nhỏ một góc miệng cốc mộc mạc, làn hơi nóng bốc lên nghi ngút thơm lừng","combo__sub-coc-su__cs-me-mieng-goc__act-khoi-nghi-ngut.webp","pending"
"combo__sub-coc-su__cs-me-mieng-goc__act-toa-huong-thom","ceramic-cup_level3","Cốc sứ trắng","Mẻ miệng một góc","Tỏa hương thơm ngát","","Cái cốc sứ trắng tinh, vết mẻ nhỏ một góc miệng cốc mộc mạc, đang tỏa hương trà thơm ngát ngập tràn","combo__sub-coc-su__cs-me-mieng-goc__act-toa-huong-thom.webp","pending"
"combo__sub-coc-su__cs-me-mieng-goc__act-chua-tra-nong","ceramic-cup_level3","Cốc sứ trắng","Mẻ miệng một góc","Chứa đầy trà nóng","","Cái cốc sứ trắng tinh, vết mẻ nhỏ một góc miệng cốc mộc mạc, đang chứa đầy trà nóng ấm áp","combo__sub-coc-su__cs-me-mieng-goc__act-chua-tra-nong.webp","pending"
"combo__sub-coc-su__cs-quai-cam-tron__act-khoi-nghi-ngut","ceramic-cup_level3","Cốc sứ trắng","Có quai tròn xinh","Đang bốc khói nghi ngút","","Cái cốc sứ trắng tinh, có quai cầm tròn xinh xắn, làn hơi nóng bốc lên nghi ngút thơm lừng","combo__sub-coc-su__cs-quai-cam-tron__act-khoi-nghi-ngut.webp","pending"
"combo__sub-coc-su__cs-quai-cam-tron__act-toa-huong-thom","ceramic-cup_level3","Cốc sứ trắng","Có quai tròn xinh","Tỏa hương thơm ngát","","Cái cốc sứ trắng tinh, có quai cầm tròn xinh xắn, đang tỏa hương trà thơm ngát ngập tràn","combo__sub-coc-su__cs-quai-cam-tron__act-toa-huong-thom.webp","pending"
"combo__sub-coc-su__cs-quai-cam-tron__act-chua-tra-nong","ceramic-cup_level3","Cốc sứ trắng","Có quai tròn xinh","Chứa đầy trà nóng","","Cái cốc sứ trắng tinh, có quai cầm tròn xinh xắn, đang chứa đầy trà nóng ấm áp","combo__sub-coc-su__cs-quai-cam-tron__act-chua-tra-nong.webp","pending"
"combo__sub-coc-su__cs-su-trang-men-bong__act-khoi-nghi-ngut__ctx-ban-go-soi","ceramic-cup_level4","Cốc sứ trắng","Sứ trắng men bóng","Đang bốc khói nghi ngút","Trên bàn gỗ sồi mộc","Cái cốc sứ trắng tinh, chất liệu men sứ màu trắng sữa bóng bẩy mịn màng, làn hơi nóng bốc lên nghi ngút thơm lừng, trên mặt bàn gỗ sồi thô mộc ấm áp","combo__sub-coc-su__cs-su-trang-men-bong__act-khoi-nghi-ngut__ctx-ban-go-soi.webp","pending"
"combo__sub-coc-su__cs-su-trang-men-bong__act-khoi-nghi-ngut__ctx-canh-so-tay","ceramic-cup_level4","Cốc sứ trắng","Sứ trắng men bóng","Đang bốc khói nghi ngút","Cạnh cuốn sổ tay mở","Cái cốc sứ trắng tinh, chất liệu men sứ màu trắng sữa bóng bẩy mịn màng, làn hơi nóng bốc lên nghi ngút thơm lừng, đặt cạnh một cuốn sổ tay đang mở trang giấy vẽ","combo__sub-coc-su__cs-su-trang-men-bong__act-khoi-nghi-ngut__ctx-canh-so-tay.webp","pending"
"combo__sub-coc-su__cs-su-trang-men-bong__act-khoi-nghi-ngut__ctx-bau-cua-so","ceramic-cup_level4","Cốc sứ trắng","Sứ trắng men bóng","Đang bốc khói nghi ngút","Bên bậu cửa sổ nắng","Cái cốc sứ trắng tinh, chất liệu men sứ màu trắng sữa bóng bẩy mịn màng, làn hơi nóng bốc lên nghi ngút thơm lừng, bên bậu cửa sổ gỗ đón ánh nắng ban mai","combo__sub-coc-su__cs-su-trang-men-bong__act-khoi-nghi-ngut__ctx-bau-cua-so.webp","pending"
"combo__sub-coc-su__cs-su-trang-men-bong__act-toa-huong-thom__ctx-ban-go-soi","ceramic-cup_level4","Cốc sứ trắng","Sứ trắng men bóng","Tỏa hương thơm ngát","Trên bàn gỗ sồi mộc","Cái cốc sứ trắng tinh, chất liệu men sứ màu trắng sữa bóng bẩy mịn màng, đang tỏa hương trà thơm ngát ngập tràn, trên mặt bàn gỗ sồi thô mộc ấm áp","combo__sub-coc-su__cs-su-trang-men-bong__act-toa-huong-thom__ctx-ban-go-soi.webp","pending"
"combo__sub-coc-su__cs-su-trang-men-bong__act-toa-huong-thom__ctx-canh-so-tay","ceramic-cup_level4","Cốc sứ trắng","Sứ trắng men bóng","Tỏa hương thơm ngát","Cạnh cuốn sổ tay mở","Cái cốc sứ trắng tinh, chất liệu men sứ màu trắng sữa bóng bẩy mịn màng, đang tỏa hương trà thơm ngát ngập tràn, đặt cạnh một cuốn sổ tay đang mở trang giấy vẽ","combo__sub-coc-su__cs-su-trang-men-bong__act-toa-huong-thom__ctx-canh-so-tay.webp","pending"
"combo__sub-coc-su__cs-su-trang-men-bong__act-toa-huong-thom__ctx-bau-cua-so","ceramic-cup_level4","Cốc sứ trắng","Sứ trắng men bóng","Tỏa hương thơm ngát","Bên bậu cửa sổ nắng","Cái cốc sứ trắng tinh, chất liệu men sứ màu trắng sữa bóng bẩy mịn màng, đang tỏa hương trà thơm ngát ngập tràn, bên bậu cửa sổ gỗ đón ánh nắng ban mai","combo__sub-coc-su__cs-su-trang-men-bong__act-toa-huong-thom__ctx-bau-cua-so.webp","pending"
"combo__sub-coc-su__cs-su-trang-men-bong__act-chua-tra-nong__ctx-ban-go-soi","ceramic-cup_level4","Cốc sứ trắng","Sứ trắng men bóng","Chứa đầy trà nóng","Trên bàn gỗ sồi mộc","Cái cốc sứ trắng tinh, chất liệu men sứ màu trắng sữa bóng bẩy mịn màng, đang chứa đầy trà nóng ấm áp, trên mặt bàn gỗ sồi thô mộc ấm áp","combo__sub-coc-su__cs-su-trang-men-bong__act-chua-tra-nong__ctx-ban-go-soi.webp","pending"
"combo__sub-coc-su__cs-su-trang-men-bong__act-chua-tra-nong__ctx-canh-so-tay","ceramic-cup_level4","Cốc sứ trắng","Sứ trắng men bóng","Chứa đầy trà nóng","Cạnh cuốn sổ tay mở","Cái cốc sứ trắng tinh, chất liệu men sứ màu trắng sữa bóng bẩy mịn màng, đang chứa đầy trà nóng ấm áp, đặt cạnh một cuốn sổ tay đang mở trang giấy vẽ","combo__sub-coc-su__cs-su-trang-men-bong__act-chua-tra-nong__ctx-canh-so-tay.webp","pending"
"combo__sub-coc-su__cs-su-trang-men-bong__act-chua-tra-nong__ctx-bau-cua-so","ceramic-cup_level4","Cốc sứ trắng","Sứ trắng men bóng","Chứa đầy trà nóng","Bên bậu cửa sổ nắng","Cái cốc sứ trắng tinh, chất liệu men sứ màu trắng sữa bóng bẩy mịn màng, đang chứa đầy trà nóng ấm áp, bên bậu cửa sổ gỗ đón ánh nắng ban mai","combo__sub-coc-su__cs-su-trang-men-bong__act-chua-tra-nong__ctx-bau-cua-so.webp","pending"
"combo__sub-coc-su__cs-me-mieng-goc__act-khoi-nghi-ngut__ctx-ban-go-soi","ceramic-cup_level4","Cốc sứ trắng","Mẻ miệng một góc","Đang bốc khói nghi ngút","Trên bàn gỗ sồi mộc","Cái cốc sứ trắng tinh, vết mẻ nhỏ một góc miệng cốc mộc mạc, làn hơi nóng bốc lên nghi ngút thơm lừng, trên mặt bàn gỗ sồi thô mộc ấm áp","combo__sub-coc-su__cs-me-mieng-goc__act-khoi-nghi-ngut__ctx-ban-go-soi.webp","pending"
"combo__sub-coc-su__cs-me-mieng-goc__act-khoi-nghi-ngut__ctx-canh-so-tay","ceramic-cup_level4","Cốc sứ trắng","Mẻ miệng một góc","Đang bốc khói nghi ngút","Cạnh cuốn sổ tay mở","Cái cốc sứ trắng tinh, vết mẻ nhỏ một góc miệng cốc mộc mạc, làn hơi nóng bốc lên nghi ngút thơm lừng, đặt cạnh một cuốn sổ tay đang mở trang giấy vẽ","combo__sub-coc-su__cs-me-mieng-goc__act-khoi-nghi-ngut__ctx-canh-so-tay.webp","pending"
"combo__sub-coc-su__cs-me-mieng-goc__act-khoi-nghi-ngut__ctx-bau-cua-so","ceramic-cup_level4","Cốc sứ trắng","Mẻ miệng một góc","Đang bốc khói nghi ngút","Bên bậu cửa sổ nắng","Cái cốc sứ trắng tinh, vết mẻ nhỏ một góc miệng cốc mộc mạc, làn hơi nóng bốc lên nghi ngút thơm lừng, bên bậu cửa sổ gỗ đón ánh nắng ban mai","combo__sub-coc-su__cs-me-mieng-goc__act-khoi-nghi-ngut__ctx-bau-cua-so.webp","pending"
"combo__sub-coc-su__cs-me-mieng-goc__act-toa-huong-thom__ctx-ban-go-soi","ceramic-cup_level4","Cốc sứ trắng","Mẻ miệng một góc","Tỏa hương thơm ngát","Trên bàn gỗ sồi mộc","Cái cốc sứ trắng tinh, vết mẻ nhỏ một góc miệng cốc mộc mạc, đang tỏa hương trà thơm ngát ngập tràn, trên mặt bàn gỗ sồi thô mộc ấm áp","combo__sub-coc-su__cs-me-mieng-goc__act-toa-huong-thom__ctx-ban-go-soi.webp","pending"
"combo__sub-coc-su__cs-me-mieng-goc__act-toa-huong-thom__ctx-canh-so-tay","ceramic-cup_level4","Cốc sứ trắng","Mẻ miệng một góc","Tỏa hương thơm ngát","Cạnh cuốn sổ tay mở","Cái cốc sứ trắng tinh, vết mẻ nhỏ một góc miệng cốc mộc mạc, đang tỏa hương trà thơm ngát ngập tràn, đặt cạnh một cuốn sổ tay đang mở trang giấy vẽ","combo__sub-coc-su__cs-me-mieng-goc__act-toa-huong-thom__ctx-canh-so-tay.webp","pending"
"combo__sub-coc-su__cs-me-mieng-goc__act-toa-huong-thom__ctx-bau-cua-so","ceramic-cup_level4","Cốc sứ trắng","Mẻ miệng một góc","Tỏa hương thơm ngát","Bên bậu cửa sổ nắng","Cái cốc sứ trắng tinh, vết mẻ nhỏ một góc miệng cốc mộc mạc, đang tỏa hương trà thơm ngát ngập tràn, bên bậu cửa sổ gỗ đón ánh nắng ban mai","combo__sub-coc-su__cs-me-mieng-goc__act-toa-huong-thom__ctx-bau-cua-so.webp","pending"
"combo__sub-coc-su__cs-me-mieng-goc__act-chua-tra-nong__ctx-ban-go-soi","ceramic-cup_level4","Cốc sứ trắng","Mẻ miệng một góc","Chứa đầy trà nóng","Trên bàn gỗ sồi mộc","Cái cốc sứ trắng tinh, vết mẻ nhỏ một góc miệng cốc mộc mạc, đang chứa đầy trà nóng ấm áp, trên mặt bàn gỗ sồi thô mộc ấm áp","combo__sub-coc-su__cs-me-mieng-goc__act-chua-tra-nong__ctx-ban-go-soi.webp","pending"
"combo__sub-coc-su__cs-me-mieng-goc__act-chua-tra-nong__ctx-canh-so-tay","ceramic-cup_level4","Cốc sứ trắng","Mẻ miệng một góc","Chứa đầy trà nóng","Cạnh cuốn sổ tay mở","Cái cốc sứ trắng tinh, vết mẻ nhỏ một góc miệng cốc mộc mạc, đang chứa đầy trà nóng ấm áp, đặt cạnh một cuốn sổ tay đang mở trang giấy vẽ","combo__sub-coc-su__cs-me-mieng-goc__act-chua-tra-nong__ctx-canh-so-tay.webp","pending"
"combo__sub-coc-su__cs-me-mieng-goc__act-chua-tra-nong__ctx-bau-cua-so","ceramic-cup_level4","Cốc sứ trắng","Mẻ miệng một góc","Chứa đầy trà nóng","Bên bậu cửa sổ nắng","Cái cốc sứ trắng tinh, vết mẻ nhỏ một góc miệng cốc mộc mạc, đang chứa đầy trà nóng ấm áp, bên bậu cửa sổ gỗ đón ánh nắng ban mai","combo__sub-coc-su__cs-me-mieng-goc__act-chua-tra-nong__ctx-bau-cua-so.webp","pending"
"combo__sub-coc-su__cs-quai-cam-tron__act-khoi-nghi-ngut__ctx-ban-go-soi","ceramic-cup_level4","Cốc sứ trắng","Có quai tròn xinh","Đang bốc khói nghi ngút","Trên bàn gỗ sồi mộc","Cái cốc sứ trắng tinh, có quai cầm tròn xinh xắn, làn hơi nóng bốc lên nghi ngút thơm lừng, trên mặt bàn gỗ sồi thô mộc ấm áp","combo__sub-coc-su__cs-quai-cam-tron__act-khoi-nghi-ngut__ctx-ban-go-soi.webp","pending"
"combo__sub-coc-su__cs-quai-cam-tron__act-khoi-nghi-ngut__ctx-canh-so-tay","ceramic-cup_level4","Cốc sứ trắng","Có quai tròn xinh","Đang bốc khói nghi ngút","Cạnh cuốn sổ tay mở","Cái cốc sứ trắng tinh, có quai cầm tròn xinh xắn, làn hơi nóng bốc lên nghi ngút thơm lừng, đặt cạnh một cuốn sổ tay đang mở trang giấy vẽ","combo__sub-coc-su__cs-quai-cam-tron__act-khoi-nghi-ngut__ctx-canh-so-tay.webp","pending"
"combo__sub-coc-su__cs-quai-cam-tron__act-khoi-nghi-ngut__ctx-bau-cua-so","ceramic-cup_level4","Cốc sứ trắng","Có quai tròn xinh","Đang bốc khói nghi ngút","Bên bậu cửa sổ nắng","Cái cốc sứ trắng tinh, có quai cầm tròn xinh xắn, làn hơi nóng bốc lên nghi ngút thơm lừng, bên bậu cửa sổ gỗ đón ánh nắng ban mai","combo__sub-coc-su__cs-quai-cam-tron__act-khoi-nghi-ngut__ctx-bau-cua-so.webp","pending"
"combo__sub-coc-su__cs-quai-cam-tron__act-toa-huong-thom__ctx-ban-go-soi","ceramic-cup_level4","Cốc sứ trắng","Có quai tròn xinh","Tỏa hương thơm ngát","Trên bàn gỗ sồi mộc","Cái cốc sứ trắng tinh, có quai cầm tròn xinh xắn, đang tỏa hương trà thơm ngát ngập tràn, trên mặt bàn gỗ sồi thô mộc ấm áp","combo__sub-coc-su__cs-quai-cam-tron__act-toa-huong-thom__ctx-ban-go-soi.webp","pending"
"combo__sub-coc-su__cs-quai-cam-tron__act-toa-huong-thom__ctx-canh-so-tay","ceramic-cup_level4","Cốc sứ trắng","Có quai tròn xinh","Tỏa hương thơm ngát","Cạnh cuốn sổ tay mở","Cái cốc sứ trắng tinh, có quai cầm tròn xinh xắn, đang tỏa hương trà thơm ngát ngập tràn, đặt cạnh một cuốn sổ tay đang mở trang giấy vẽ","combo__sub-coc-su__cs-quai-cam-tron__act-toa-huong-thom__ctx-canh-so-tay.webp","pending"
"combo__sub-coc-su__cs-quai-cam-tron__act-toa-huong-thom__ctx-bau-cua-so","ceramic-cup_level4","Cốc sứ trắng","Có quai tròn xinh","Tỏa hương thơm ngát","Bên bậu cửa sổ nắng","Cái cốc sứ trắng tinh, có quai cầm tròn xinh xắn, đang tỏa hương trà thơm ngát ngập tràn, bên bậu cửa sổ gỗ đón ánh nắng ban mai","combo__sub-coc-su__cs-quai-cam-tron__act-toa-huong-thom__ctx-bau-cua-so.webp","pending"
"combo__sub-coc-su__cs-quai-cam-tron__act-chua-tra-nong__ctx-ban-go-soi","ceramic-cup_level4","Cốc sứ trắng","Có quai tròn xinh","Chứa đầy trà nóng","Trên bàn gỗ sồi mộc","Cái cốc sứ trắng tinh, có quai cầm tròn xinh xắn, đang chứa đầy trà nóng ấm áp, trên mặt bàn gỗ sồi thô mộc ấm áp","combo__sub-coc-su__cs-quai-cam-tron__act-chua-tra-nong__ctx-ban-go-soi.webp","pending"
"combo__sub-coc-su__cs-quai-cam-tron__act-chua-tra-nong__ctx-canh-so-tay","ceramic-cup_level4","Cốc sứ trắng","Có quai tròn xinh","Chứa đầy trà nóng","Cạnh cuốn sổ tay mở","Cái cốc sứ trắng tinh, có quai cầm tròn xinh xắn, đang chứa đầy trà nóng ấm áp, đặt cạnh một cuốn sổ tay đang mở trang giấy vẽ","combo__sub-coc-su__cs-quai-cam-tron__act-chua-tra-nong__ctx-canh-so-tay.webp","pending"
"combo__sub-coc-su__cs-quai-cam-tron__act-chua-tra-nong__ctx-bau-cua-so","ceramic-cup_level4","Cốc sứ trắng","Có quai tròn xinh","Chứa đầy trà nóng","Bên bậu cửa sổ nắng","Cái cốc sứ trắng tinh, có quai cầm tròn xinh xắn, đang chứa đầy trà nóng ấm áp, bên bậu cửa sổ gỗ đón ánh nắng ban mai","combo__sub-coc-su__cs-quai-cam-tron__act-chua-tra-nong__ctx-bau-cua-so.webp","pending"
"combo__sub-xe-dap","bicycle_level1","Cái xe đạp","","","","Chiếc xe đạp mini (1 từ thử nghiệm, chưa có chìa khóa)","combo__sub-xe-dap.webp","pending"
"combo__sub-xe-dap__cs-bike-khung-xanh","bicycle_level2","Cái xe đạp","Khung thép xanh bóng","","","Chiếc xe đạp mini, khung thép màu xanh dương bóng bẩy","combo__sub-xe-dap__cs-bike-khung-xanh.webp","pending"
"combo__sub-xe-dap__cs-bike-banh-nan-hoa","bicycle_level2","Cái xe đạp","Bánh nan hoa tròn","","","Chiếc xe đạp mini, hai bánh xe nan hoa tròn xoe quay đều","combo__sub-xe-dap__cs-bike-banh-nan-hoa.webp","pending"
"combo__sub-xe-dap__cs-bike-gio-may","bicycle_level2","Cái xe đạp","Giỏ mây trước xe","","","Chiếc xe đạp mini, giỏ đan bằng mây gắn trước đầu xe mộc mạc","combo__sub-xe-dap__cs-bike-gio-may.webp","pending"
"combo__sub-xe-dap__cs-bike-khung-xanh__act-bike-lan-banh","bicycle_level3","Cái xe đạp","Khung thép xanh bóng","Đang lăn bánh bon bon","","Chiếc xe đạp mini, khung thép màu xanh dương bóng bẩy, đang lăn bánh bon bon lướt êm trên đường","combo__sub-xe-dap__cs-bike-khung-xanh__act-bike-lan-banh.webp","pending"
"combo__sub-xe-dap__cs-bike-khung-xanh__act-bike-dung-chan-chong","bicycle_level3","Cái xe đạp","Khung thép xanh bóng","Đang dựng chân chống","","Chiếc xe đạp mini, khung thép màu xanh dương bóng bẩy, đang dựng chân chống nghiêng đứng yên nghỉ ngơi","combo__sub-xe-dap__cs-bike-khung-xanh__act-bike-dung-chan-chong.webp","pending"
"combo__sub-xe-dap__cs-bike-khung-xanh__act-bike-cho-gio-hoa","bicycle_level3","Cái xe đạp","Khung thép xanh bóng","Chở giỏ hoa rực rỡ","","Chiếc xe đạp mini, khung thép màu xanh dương bóng bẩy, đang chở giỏ hoa tươi rực rỡ sắc màu phía trước","combo__sub-xe-dap__cs-bike-khung-xanh__act-bike-cho-gio-hoa.webp","pending"
"combo__sub-xe-dap__cs-bike-banh-nan-hoa__act-bike-lan-banh","bicycle_level3","Cái xe đạp","Bánh nan hoa tròn","Đang lăn bánh bon bon","","Chiếc xe đạp mini, hai bánh xe nan hoa tròn xoe quay đều, đang lăn bánh bon bon lướt êm trên đường","combo__sub-xe-dap__cs-bike-banh-nan-hoa__act-bike-lan-banh.webp","pending"
"combo__sub-xe-dap__cs-bike-banh-nan-hoa__act-bike-dung-chan-chong","bicycle_level3","Cái xe đạp","Bánh nan hoa tròn","Đang dựng chân chống","","Chiếc xe đạp mini, hai bánh xe nan hoa tròn xoe quay đều, đang dựng chân chống nghiêng đứng yên nghỉ ngơi","combo__sub-xe-dap__cs-bike-banh-nan-hoa__act-bike-dung-chan-chong.webp","pending"
"combo__sub-xe-dap__cs-bike-banh-nan-hoa__act-bike-cho-gio-hoa","bicycle_level3","Cái xe đạp","Bánh nan hoa tròn","Chở giỏ hoa rực rỡ","","Chiếc xe đạp mini, hai bánh xe nan hoa tròn xoe quay đều, đang chở giỏ hoa tươi rực rỡ sắc màu phía trước","combo__sub-xe-dap__cs-bike-banh-nan-hoa__act-bike-cho-gio-hoa.webp","pending"
"combo__sub-xe-dap__cs-bike-gio-may__act-bike-lan-banh","bicycle_level3","Cái xe đạp","Giỏ mây trước xe","Đang lăn bánh bon bon","","Chiếc xe đạp mini, giỏ đan bằng mây gắn trước đầu xe mộc mạc, đang lăn bánh bon bon lướt êm trên đường","combo__sub-xe-dap__cs-bike-gio-may__act-bike-lan-banh.webp","pending"
"combo__sub-xe-dap__cs-bike-gio-may__act-bike-dung-chan-chong","bicycle_level3","Cái xe đạp","Giỏ mây trước xe","Đang dựng chân chống","","Chiếc xe đạp mini, giỏ đan bằng mây gắn trước đầu xe mộc mạc, đang dựng chân chống nghiêng đứng yên nghỉ ngơi","combo__sub-xe-dap__cs-bike-gio-may__act-bike-dung-chan-chong.webp","pending"
"combo__sub-xe-dap__cs-bike-gio-may__act-bike-cho-gio-hoa","bicycle_level3","Cái xe đạp","Giỏ mây trước xe","Chở giỏ hoa rực rỡ","","Chiếc xe đạp mini, giỏ đan bằng mây gắn trước đầu xe mộc mạc, đang chở giỏ hoa tươi rực rỡ sắc màu phía trước","combo__sub-xe-dap__cs-bike-gio-may__act-bike-cho-gio-hoa.webp","pending"
"combo__sub-xe-dap__cs-bike-khung-xanh__act-bike-lan-banh__ctx-bike-bo-ho","bicycle_level4","Cái xe đạp","Khung thép xanh bóng","Đang lăn bánh bon bon","Bên bờ hồ lộng gió","Chiếc xe đạp mini, khung thép màu xanh dương bóng bẩy, đang lăn bánh bon bon lướt êm trên đường, bên bờ hồ nước xanh biếc lộng gió mát rượi","combo__sub-xe-dap__cs-bike-khung-xanh__act-bike-lan-banh__ctx-bike-bo-ho.webp","pending"
"combo__sub-xe-dap__cs-bike-khung-xanh__act-bike-lan-banh__ctx-bike-bong-cay","bicycle_level4","Cái xe đạp","Khung thép xanh bóng","Đang lăn bánh bon bon","Dưới bóng cây râm mát","Chiếc xe đạp mini, khung thép màu xanh dương bóng bẩy, đang lăn bánh bon bon lướt êm trên đường, dưới bóng mát của tán cây cổ thụ sum sê","combo__sub-xe-dap__cs-bike-khung-xanh__act-bike-lan-banh__ctx-bike-bong-cay.webp","pending"
"combo__sub-xe-dap__cs-bike-khung-xanh__act-bike-lan-banh__ctx-bike-duong-lang","bicycle_level4","Cái xe đạp","Khung thép xanh bóng","Đang lăn bánh bon bon","Trên đường làng rải sỏi","Chiếc xe đạp mini, khung thép màu xanh dương bóng bẩy, đang lăn bánh bon bon lướt êm trên đường, trên con đường làng quanh co rải sỏi trắng","combo__sub-xe-dap__cs-bike-khung-xanh__act-bike-lan-banh__ctx-bike-duong-lang.webp","pending"
"combo__sub-xe-dap__cs-bike-khung-xanh__act-bike-dung-chan-chong__ctx-bike-bo-ho","bicycle_level4","Cái xe đạp","Khung thép xanh bóng","Đang dựng chân chống","Bên bờ hồ lộng gió","Chiếc xe đạp mini, khung thép màu xanh dương bóng bẩy, đang dựng chân chống nghiêng đứng yên nghỉ ngơi, bên bờ hồ nước xanh biếc lộng gió mát rượi","combo__sub-xe-dap__cs-bike-khung-xanh__act-bike-dung-chan-chong__ctx-bike-bo-ho.webp","pending"
"combo__sub-xe-dap__cs-bike-khung-xanh__act-bike-dung-chan-chong__ctx-bike-bong-cay","bicycle_level4","Cái xe đạp","Khung thép xanh bóng","Đang dựng chân chống","Dưới bóng cây râm mát","Chiếc xe đạp mini, khung thép màu xanh dương bóng bẩy, đang dựng chân chống nghiêng đứng yên nghỉ ngơi, dưới bóng mát của tán cây cổ thụ sum sê","combo__sub-xe-dap__cs-bike-khung-xanh__act-bike-dung-chan-chong__ctx-bike-bong-cay.webp","pending"
"combo__sub-xe-dap__cs-bike-khung-xanh__act-bike-dung-chan-chong__ctx-bike-duong-lang","bicycle_level4","Cái xe đạp","Khung thép xanh bóng","Đang dựng chân chống","Trên đường làng rải sỏi","Chiếc xe đạp mini, khung thép màu xanh dương bóng bẩy, đang dựng chân chống nghiêng đứng yên nghỉ ngơi, trên con đường làng quanh co rải sỏi trắng","combo__sub-xe-dap__cs-bike-khung-xanh__act-bike-dung-chan-chong__ctx-bike-duong-lang.webp","pending"
"combo__sub-xe-dap__cs-bike-khung-xanh__act-bike-cho-gio-hoa__ctx-bike-bo-ho","bicycle_level4","Cái xe đạp","Khung thép xanh bóng","Chở giỏ hoa rực rỡ","Bên bờ hồ lộng gió","Chiếc xe đạp mini, khung thép màu xanh dương bóng bẩy, đang chở giỏ hoa tươi rực rỡ sắc màu phía trước, bên bờ hồ nước xanh biếc lộng gió mát rượi","combo__sub-xe-dap__cs-bike-khung-xanh__act-bike-cho-gio-hoa__ctx-bike-bo-ho.webp","pending"
"combo__sub-xe-dap__cs-bike-khung-xanh__act-bike-cho-gio-hoa__ctx-bike-bong-cay","bicycle_level4","Cái xe đạp","Khung thép xanh bóng","Chở giỏ hoa rực rỡ","Dưới bóng cây râm mát","Chiếc xe đạp mini, khung thép màu xanh dương bóng bẩy, đang chở giỏ hoa tươi rực rỡ sắc màu phía trước, dưới bóng mát của tán cây cổ thụ sum sê","combo__sub-xe-dap__cs-bike-khung-xanh__act-bike-cho-gio-hoa__ctx-bike-bong-cay.webp","pending"
"combo__sub-xe-dap__cs-bike-khung-xanh__act-bike-cho-gio-hoa__ctx-bike-duong-lang","bicycle_level4","Cái xe đạp","Khung thép xanh bóng","Chở giỏ hoa rực rỡ","Trên đường làng rải sỏi","Chiếc xe đạp mini, khung thép màu xanh dương bóng bẩy, đang chở giỏ hoa tươi rực rỡ sắc màu phía trước, trên con đường làng quanh co rải sỏi trắng","combo__sub-xe-dap__cs-bike-khung-xanh__act-bike-cho-gio-hoa__ctx-bike-duong-lang.webp","pending"
"combo__sub-xe-dap__cs-bike-banh-nan-hoa__act-bike-lan-banh__ctx-bike-bo-ho","bicycle_level4","Cái xe đạp","Bánh nan hoa tròn","Đang lăn bánh bon bon","Bên bờ hồ lộng gió","Chiếc xe đạp mini, hai bánh xe nan hoa tròn xoe quay đều, đang lăn bánh bon bon lướt êm trên đường, bên bờ hồ nước xanh biếc lộng gió mát rượi","combo__sub-xe-dap__cs-bike-banh-nan-hoa__act-bike-lan-banh__ctx-bike-bo-ho.webp","pending"
"combo__sub-xe-dap__cs-bike-banh-nan-hoa__act-bike-lan-banh__ctx-bike-bong-cay","bicycle_level4","Cái xe đạp","Bánh nan hoa tròn","Đang lăn bánh bon bon","Dưới bóng cây râm mát","Chiếc xe đạp mini, hai bánh xe nan hoa tròn xoe quay đều, đang lăn bánh bon bon lướt êm trên đường, dưới bóng mát của tán cây cổ thụ sum sê","combo__sub-xe-dap__cs-bike-banh-nan-hoa__act-bike-lan-banh__ctx-bike-bong-cay.webp","pending"
"combo__sub-xe-dap__cs-bike-banh-nan-hoa__act-bike-lan-banh__ctx-bike-duong-lang","bicycle_level4","Cái xe đạp","Bánh nan hoa tròn","Đang lăn bánh bon bon","Trên đường làng rải sỏi","Chiếc xe đạp mini, hai bánh xe nan hoa tròn xoe quay đều, đang lăn bánh bon bon lướt êm trên đường, trên con đường làng quanh co rải sỏi trắng","combo__sub-xe-dap__cs-bike-banh-nan-hoa__act-bike-lan-banh__ctx-bike-duong-lang.webp","pending"
"combo__sub-xe-dap__cs-bike-banh-nan-hoa__act-bike-dung-chan-chong__ctx-bike-bo-ho","bicycle_level4","Cái xe đạp","Bánh nan hoa tròn","Đang dựng chân chống","Bên bờ hồ lộng gió","Chiếc xe đạp mini, hai bánh xe nan hoa tròn xoe quay đều, đang dựng chân chống nghiêng đứng yên nghỉ ngơi, bên bờ hồ nước xanh biếc lộng gió mát rượi","combo__sub-xe-dap__cs-bike-banh-nan-hoa__act-bike-dung-chan-chong__ctx-bike-bo-ho.webp","pending"
"combo__sub-xe-dap__cs-bike-banh-nan-hoa__act-bike-dung-chan-chong__ctx-bike-bong-cay","bicycle_level4","Cái xe đạp","Bánh nan hoa tròn","Đang dựng chân chống","Dưới bóng cây râm mát","Chiếc xe đạp mini, hai bánh xe nan hoa tròn xoe quay đều, đang dựng chân chống nghiêng đứng yên nghỉ ngơi, dưới bóng mát của tán cây cổ thụ sum sê","combo__sub-xe-dap__cs-bike-banh-nan-hoa__act-bike-dung-chan-chong__ctx-bike-bong-cay.webp","pending"
"combo__sub-xe-dap__cs-bike-banh-nan-hoa__act-bike-dung-chan-chong__ctx-bike-duong-lang","bicycle_level4","Cái xe đạp","Bánh nan hoa tròn","Đang dựng chân chống","Trên đường làng rải sỏi","Chiếc xe đạp mini, hai bánh xe nan hoa tròn xoe quay đều, đang dựng chân chống nghiêng đứng yên nghỉ ngơi, trên con đường làng quanh co rải sỏi trắng","combo__sub-xe-dap__cs-bike-banh-nan-hoa__act-bike-dung-chan-chong__ctx-bike-duong-lang.webp","pending"
"combo__sub-xe-dap__cs-bike-banh-nan-hoa__act-bike-cho-gio-hoa__ctx-bike-bo-ho","bicycle_level4","Cái xe đạp","Bánh nan hoa tròn","Chở giỏ hoa rực rỡ","Bên bờ hồ lộng gió","Chiếc xe đạp mini, hai bánh xe nan hoa tròn xoe quay đều, đang chở giỏ hoa tươi rực rỡ sắc màu phía trước, bên bờ hồ nước xanh biếc lộng gió mát rượi","combo__sub-xe-dap__cs-bike-banh-nan-hoa__act-bike-cho-gio-hoa__ctx-bike-bo-ho.webp","pending"
"combo__sub-xe-dap__cs-bike-banh-nan-hoa__act-bike-cho-gio-hoa__ctx-bike-bong-cay","bicycle_level4","Cái xe đạp","Bánh nan hoa tròn","Chở giỏ hoa rực rỡ","Dưới bóng cây râm mát","Chiếc xe đạp mini, hai bánh xe nan hoa tròn xoe quay đều, đang chở giỏ hoa tươi rực rỡ sắc màu phía trước, dưới bóng mát của tán cây cổ thụ sum sê","combo__sub-xe-dap__cs-bike-banh-nan-hoa__act-bike-cho-gio-hoa__ctx-bike-bong-cay.webp","pending"
"combo__sub-xe-dap__cs-bike-banh-nan-hoa__act-bike-cho-gio-hoa__ctx-bike-duong-lang","bicycle_level4","Cái xe đạp","Bánh nan hoa tròn","Chở giỏ hoa rực rỡ","Trên đường làng rải sỏi","Chiếc xe đạp mini, hai bánh xe nan hoa tròn xoe quay đều, đang chở giỏ hoa tươi rực rỡ sắc màu phía trước, trên con đường làng quanh co rải sỏi trắng","combo__sub-xe-dap__cs-bike-banh-nan-hoa__act-bike-cho-gio-hoa__ctx-bike-duong-lang.webp","pending"
"combo__sub-xe-dap__cs-bike-gio-may__act-bike-lan-banh__ctx-bike-bo-ho","bicycle_level4","Cái xe đạp","Giỏ mây trước xe","Đang lăn bánh bon bon","Bên bờ hồ lộng gió","Chiếc xe đạp mini, giỏ đan bằng mây gắn trước đầu xe mộc mạc, đang lăn bánh bon bon lướt êm trên đường, bên bờ hồ nước xanh biếc lộng gió mát rượi","combo__sub-xe-dap__cs-bike-gio-may__act-bike-lan-banh__ctx-bike-bo-ho.webp","pending"
"combo__sub-xe-dap__cs-bike-gio-may__act-bike-lan-banh__ctx-bike-bong-cay","bicycle_level4","Cái xe đạp","Giỏ mây trước xe","Đang lăn bánh bon bon","Dưới bóng cây râm mát","Chiếc xe đạp mini, giỏ đan bằng mây gắn trước đầu xe mộc mạc, đang lăn bánh bon bon lướt êm trên đường, dưới bóng mát của tán cây cổ thụ sum sê","combo__sub-xe-dap__cs-bike-gio-may__act-bike-lan-banh__ctx-bike-bong-cay.webp","pending"
"combo__sub-xe-dap__cs-bike-gio-may__act-bike-lan-banh__ctx-bike-duong-lang","bicycle_level4","Cái xe đạp","Giỏ mây trước xe","Đang lăn bánh bon bon","Trên đường làng rải sỏi","Chiếc xe đạp mini, giỏ đan bằng mây gắn trước đầu xe mộc mạc, đang lăn bánh bon bon lướt êm trên đường, trên con đường làng quanh co rải sỏi trắng","combo__sub-xe-dap__cs-bike-gio-may__act-bike-lan-banh__ctx-bike-duong-lang.webp","pending"
"combo__sub-xe-dap__cs-bike-gio-may__act-bike-dung-chan-chong__ctx-bike-bo-ho","bicycle_level4","Cái xe đạp","Giỏ mây trước xe","Đang dựng chân chống","Bên bờ hồ lộng gió","Chiếc xe đạp mini, giỏ đan bằng mây gắn trước đầu xe mộc mạc, đang dựng chân chống nghiêng đứng yên nghỉ ngơi, bên bờ hồ nước xanh biếc lộng gió mát rượi","combo__sub-xe-dap__cs-bike-gio-may__act-bike-dung-chan-chong__ctx-bike-bo-ho.webp","pending"
"combo__sub-xe-dap__cs-bike-gio-may__act-bike-dung-chan-chong__ctx-bike-bong-cay","bicycle_level4","Cái xe đạp","Giỏ mây trước xe","Đang dựng chân chống","Dưới bóng cây râm mát","Chiếc xe đạp mini, giỏ đan bằng mây gắn trước đầu xe mộc mạc, đang dựng chân chống nghiêng đứng yên nghỉ ngơi, dưới bóng mát của tán cây cổ thụ sum sê","combo__sub-xe-dap__cs-bike-gio-may__act-bike-dung-chan-chong__ctx-bike-bong-cay.webp","pending"
"combo__sub-xe-dap__cs-bike-gio-may__act-bike-dung-chan-chong__ctx-bike-duong-lang","bicycle_level4","Cái xe đạp","Giỏ mây trước xe","Đang dựng chân chống","Trên đường làng rải sỏi","Chiếc xe đạp mini, giỏ đan bằng mây gắn trước đầu xe mộc mạc, đang dựng chân chống nghiêng đứng yên nghỉ ngơi, trên con đường làng quanh co rải sỏi trắng","combo__sub-xe-dap__cs-bike-gio-may__act-bike-dung-chan-chong__ctx-bike-duong-lang.webp","pending"
"combo__sub-xe-dap__cs-bike-gio-may__act-bike-cho-gio-hoa__ctx-bike-bo-ho","bicycle_level4","Cái xe đạp","Giỏ mây trước xe","Chở giỏ hoa rực rỡ","Bên bờ hồ lộng gió","Chiếc xe đạp mini, giỏ đan bằng mây gắn trước đầu xe mộc mạc, đang chở giỏ hoa tươi rực rỡ sắc màu phía trước, bên bờ hồ nước xanh biếc lộng gió mát rượi","combo__sub-xe-dap__cs-bike-gio-may__act-bike-cho-gio-hoa__ctx-bike-bo-ho.webp","pending"
"combo__sub-xe-dap__cs-bike-gio-may__act-bike-cho-gio-hoa__ctx-bike-bong-cay","bicycle_level4","Cái xe đạp","Giỏ mây trước xe","Chở giỏ hoa rực rỡ","Dưới bóng cây râm mát","Chiếc xe đạp mini, giỏ đan bằng mây gắn trước đầu xe mộc mạc, đang chở giỏ hoa tươi rực rỡ sắc màu phía trước, dưới bóng mát của tán cây cổ thụ sum sê","combo__sub-xe-dap__cs-bike-gio-may__act-bike-cho-gio-hoa__ctx-bike-bong-cay.webp","pending"
"combo__sub-xe-dap__cs-bike-gio-may__act-bike-cho-gio-hoa__ctx-bike-duong-lang","bicycle_level4","Cái xe đạp","Giỏ mây trước xe","Chở giỏ hoa rực rỡ","Trên đường làng rải sỏi","Chiếc xe đạp mini, giỏ đan bằng mây gắn trước đầu xe mộc mạc, đang chở giỏ hoa tươi rực rỡ sắc màu phía trước, trên con đường làng quanh co rải sỏi trắng","combo__sub-xe-dap__cs-bike-gio-may__act-bike-cho-gio-hoa__ctx-bike-duong-lang.webp","pending"
"combo__sub-so-tay","notebook_level1","Cuốn sổ tay","","","","Cuốn sổ tay mở bìa da (1 từ thử nghiệm, chưa có chìa khóa)","combo__sub-so-tay.webp","pending"
"combo__sub-so-tay__cs-note-bia-da","notebook_level2","Cuốn sổ tay","Bìa da nâu cổ điển","","","Cuốn sổ tay mở bìa da, bìa da màu nâu thô mộc phong cách cổ điển","combo__sub-so-tay__cs-note-bia-da.webp","pending"
"combo__sub-so-tay__cs-note-trang-giay","notebook_level2","Cuốn sổ tay","Trang giấy ngả vàng","","","Cuốn sổ tay mở bìa da, những trang giấy ngả vàng thơm mùi sách mới","combo__sub-so-tay__cs-note-trang-giay.webp","pending"
"combo__sub-so-tay__cs-note-day-do","notebook_level2","Cuốn sổ tay","Dây đánh dấu đỏ","","","Cuốn sổ tay mở bìa da, sợi dây lụa đánh dấu trang màu đỏ thắm","combo__sub-so-tay__cs-note-day-do.webp","pending"
"combo__sub-so-tay__cs-note-bia-da__act-note-mo-trang","notebook_level3","Cuốn sổ tay","Bìa da nâu cổ điển","Đang mở sẵn trang vẽ","","Cuốn sổ tay mở bìa da, bìa da màu nâu thô mộc phong cách cổ điển, đang mở sẵn trang vẽ phác thảo nét chì mộc","combo__sub-so-tay__cs-note-bia-da__act-note-mo-trang.webp","pending"
"combo__sub-so-tay__cs-note-bia-da__act-note-lap-lanh","notebook_level3","Cuốn sổ tay","Bìa da nâu cổ điển","Lấp lánh dưới ánh đèn","","Cuốn sổ tay mở bìa da, bìa da màu nâu thô mộc phong cách cổ điển, lấp lánh dịu dàng dưới ánh đèn bàn màu vàng ấm","combo__sub-so-tay__cs-note-bia-da__act-note-lap-lanh.webp","pending"
"combo__sub-so-tay__cs-note-bia-da__act-note-luu-net-ve","notebook_level3","Cuốn sổ tay","Bìa da nâu cổ điển","Lưu giữ nét vẽ phác","","Cuốn sổ tay mở bìa da, bìa da màu nâu thô mộc phong cách cổ điển, đang lưu giữ những nét vẽ phác họa ngộ nghĩnh","combo__sub-so-tay__cs-note-bia-da__act-note-luu-net-ve.webp","pending"
"combo__sub-so-tay__cs-note-trang-giay__act-note-mo-trang","notebook_level3","Cuốn sổ tay","Trang giấy ngả vàng","Đang mở sẵn trang vẽ","","Cuốn sổ tay mở bìa da, những trang giấy ngả vàng thơm mùi sách mới, đang mở sẵn trang vẽ phác thảo nét chì mộc","combo__sub-so-tay__cs-note-trang-giay__act-note-mo-trang.webp","pending"
"combo__sub-so-tay__cs-note-trang-giay__act-note-lap-lanh","notebook_level3","Cuốn sổ tay","Trang giấy ngả vàng","Lấp lánh dưới ánh đèn","","Cuốn sổ tay mở bìa da, những trang giấy ngả vàng thơm mùi sách mới, lấp lánh dịu dàng dưới ánh đèn bàn màu vàng ấm","combo__sub-so-tay__cs-note-trang-giay__act-note-lap-lanh.webp","pending"
"combo__sub-so-tay__cs-note-trang-giay__act-note-luu-net-ve","notebook_level3","Cuốn sổ tay","Trang giấy ngả vàng","Lưu giữ nét vẽ phác","","Cuốn sổ tay mở bìa da, những trang giấy ngả vàng thơm mùi sách mới, đang lưu giữ những nét vẽ phác họa ngộ nghĩnh","combo__sub-so-tay__cs-note-trang-giay__act-note-luu-net-ve.webp","pending"
"combo__sub-so-tay__cs-note-day-do__act-note-mo-trang","notebook_level3","Cuốn sổ tay","Dây đánh dấu đỏ","Đang mở sẵn trang vẽ","","Cuốn sổ tay mở bìa da, sợi dây lụa đánh dấu trang màu đỏ thắm, đang mở sẵn trang vẽ phác thảo nét chì mộc","combo__sub-so-tay__cs-note-day-do__act-note-mo-trang.webp","pending"
"combo__sub-so-tay__cs-note-day-do__act-note-lap-lanh","notebook_level3","Cuốn sổ tay","Dây đánh dấu đỏ","Lấp lánh dưới ánh đèn","","Cuốn sổ tay mở bìa da, sợi dây lụa đánh dấu trang màu đỏ thắm, lấp lánh dịu dàng dưới ánh đèn bàn màu vàng ấm","combo__sub-so-tay__cs-note-day-do__act-note-lap-lanh.webp","pending"
"combo__sub-so-tay__cs-note-day-do__act-note-luu-net-ve","notebook_level3","Cuốn sổ tay","Dây đánh dấu đỏ","Lưu giữ nét vẽ phác","","Cuốn sổ tay mở bìa da, sợi dây lụa đánh dấu trang màu đỏ thắm, đang lưu giữ những nét vẽ phác họa ngộ nghĩnh","combo__sub-so-tay__cs-note-day-do__act-note-luu-net-ve.webp","pending"
"combo__sub-so-tay__cs-note-bia-da__act-note-mo-trang__ctx-note-ban-hoc","notebook_level4","Cuốn sổ tay","Bìa da nâu cổ điển","Đang mở sẵn trang vẽ","Trên bàn học ấm cúng","Cuốn sổ tay mở bìa da, bìa da màu nâu thô mộc phong cách cổ điển, đang mở sẵn trang vẽ phác thảo nét chì mộc, trên góc bàn học gỗ ấm cúng ngăn nắp","combo__sub-so-tay__cs-note-bia-da__act-note-mo-trang__ctx-note-ban-hoc.webp","pending"
"combo__sub-so-tay__cs-note-bia-da__act-note-mo-trang__ctx-note-tach-tra","notebook_level4","Cuốn sổ tay","Bìa da nâu cổ điển","Đang mở sẵn trang vẽ","Bên tách trà chiều","Cuốn sổ tay mở bìa da, bìa da màu nâu thô mộc phong cách cổ điển, đang mở sẵn trang vẽ phác thảo nét chì mộc, đặt cạnh một tách trà hoa cúc ấm áp bốc khói nhẹ","combo__sub-so-tay__cs-note-bia-da__act-note-mo-trang__ctx-note-tach-tra.webp","pending"
"combo__sub-so-tay__cs-note-bia-da__act-note-mo-trang__ctx-note-tan-cay","notebook_level4","Cuốn sổ tay","Bìa da nâu cổ điển","Đang mở sẵn trang vẽ","Dưới tán cây râm mát","Cuốn sổ tay mở bìa da, bìa da màu nâu thô mộc phong cách cổ điển, đang mở sẵn trang vẽ phác thảo nét chì mộc, dưới tán cây xanh ngát ngập tràn bóng râm","combo__sub-so-tay__cs-note-bia-da__act-note-mo-trang__ctx-note-tan-cay.webp","pending"
"combo__sub-so-tay__cs-note-bia-da__act-note-lap-lanh__ctx-note-ban-hoc","notebook_level4","Cuốn sổ tay","Bìa da nâu cổ điển","Lấp lánh dưới ánh đèn","Trên bàn học ấm cúng","Cuốn sổ tay mở bìa da, bìa da màu nâu thô mộc phong cách cổ điển, lấp lánh dịu dàng dưới ánh đèn bàn màu vàng ấm, trên góc bàn học gỗ ấm cúng ngăn nắp","combo__sub-so-tay__cs-note-bia-da__act-note-lap-lanh__ctx-note-ban-hoc.webp","pending"
"combo__sub-so-tay__cs-note-bia-da__act-note-lap-lanh__ctx-note-tach-tra","notebook_level4","Cuốn sổ tay","Bìa da nâu cổ điển","Lấp lánh dưới ánh đèn","Bên tách trà chiều","Cuốn sổ tay mở bìa da, bìa da màu nâu thô mộc phong cách cổ điển, lấp lánh dịu dàng dưới ánh đèn bàn màu vàng ấm, đặt cạnh một tách trà hoa cúc ấm áp bốc khói nhẹ","combo__sub-so-tay__cs-note-bia-da__act-note-lap-lanh__ctx-note-tach-tra.webp","pending"
"combo__sub-so-tay__cs-note-bia-da__act-note-lap-lanh__ctx-note-tan-cay","notebook_level4","Cuốn sổ tay","Bìa da nâu cổ điển","Lấp lánh dưới ánh đèn","Dưới tán cây râm mát","Cuốn sổ tay mở bìa da, bìa da màu nâu thô mộc phong cách cổ điển, lấp lánh dịu dàng dưới ánh đèn bàn màu vàng ấm, dưới tán cây xanh ngát ngập tràn bóng râm","combo__sub-so-tay__cs-note-bia-da__act-note-lap-lanh__ctx-note-tan-cay.webp","pending"
"combo__sub-so-tay__cs-note-bia-da__act-note-luu-net-ve__ctx-note-ban-hoc","notebook_level4","Cuốn sổ tay","Bìa da nâu cổ điển","Lưu giữ nét vẽ phác","Trên bàn học ấm cúng","Cuốn sổ tay mở bìa da, bìa da màu nâu thô mộc phong cách cổ điển, đang lưu giữ những nét vẽ phác họa ngộ nghĩnh, trên góc bàn học gỗ ấm cúng ngăn nắp","combo__sub-so-tay__cs-note-bia-da__act-note-luu-net-ve__ctx-note-ban-hoc.webp","pending"
"combo__sub-so-tay__cs-note-bia-da__act-note-luu-net-ve__ctx-note-tach-tra","notebook_level4","Cuốn sổ tay","Bìa da nâu cổ điển","Lưu giữ nét vẽ phác","Bên tách trà chiều","Cuốn sổ tay mở bìa da, bìa da màu nâu thô mộc phong cách cổ điển, đang lưu giữ những nét vẽ phác họa ngộ nghĩnh, đặt cạnh một tách trà hoa cúc ấm áp bốc khói nhẹ","combo__sub-so-tay__cs-note-bia-da__act-note-luu-net-ve__ctx-note-tach-tra.webp","pending"
"combo__sub-so-tay__cs-note-bia-da__act-note-luu-net-ve__ctx-note-tan-cay","notebook_level4","Cuốn sổ tay","Bìa da nâu cổ điển","Lưu giữ nét vẽ phác","Dưới tán cây râm mát","Cuốn sổ tay mở bìa da, bìa da màu nâu thô mộc phong cách cổ điển, đang lưu giữ những nét vẽ phác họa ngộ nghĩnh, dưới tán cây xanh ngát ngập tràn bóng râm","combo__sub-so-tay__cs-note-bia-da__act-note-luu-net-ve__ctx-note-tan-cay.webp","pending"
"combo__sub-so-tay__cs-note-trang-giay__act-note-mo-trang__ctx-note-ban-hoc","notebook_level4","Cuốn sổ tay","Trang giấy ngả vàng","Đang mở sẵn trang vẽ","Trên bàn học ấm cúng","Cuốn sổ tay mở bìa da, những trang giấy ngả vàng thơm mùi sách mới, đang mở sẵn trang vẽ phác thảo nét chì mộc, trên góc bàn học gỗ ấm cúng ngăn nắp","combo__sub-so-tay__cs-note-trang-giay__act-note-mo-trang__ctx-note-ban-hoc.webp","pending"
"combo__sub-so-tay__cs-note-trang-giay__act-note-mo-trang__ctx-note-tach-tra","notebook_level4","Cuốn sổ tay","Trang giấy ngả vàng","Đang mở sẵn trang vẽ","Bên tách trà chiều","Cuốn sổ tay mở bìa da, những trang giấy ngả vàng thơm mùi sách mới, đang mở sẵn trang vẽ phác thảo nét chì mộc, đặt cạnh một tách trà hoa cúc ấm áp bốc khói nhẹ","combo__sub-so-tay__cs-note-trang-giay__act-note-mo-trang__ctx-note-tach-tra.webp","pending"
"combo__sub-so-tay__cs-note-trang-giay__act-note-mo-trang__ctx-note-tan-cay","notebook_level4","Cuốn sổ tay","Trang giấy ngả vàng","Đang mở sẵn trang vẽ","Dưới tán cây râm mát","Cuốn sổ tay mở bìa da, những trang giấy ngả vàng thơm mùi sách mới, đang mở sẵn trang vẽ phác thảo nét chì mộc, dưới tán cây xanh ngát ngập tràn bóng râm","combo__sub-so-tay__cs-note-trang-giay__act-note-mo-trang__ctx-note-tan-cay.webp","pending"
"combo__sub-so-tay__cs-note-trang-giay__act-note-lap-lanh__ctx-note-ban-hoc","notebook_level4","Cuốn sổ tay","Trang giấy ngả vàng","Lấp lánh dưới ánh đèn","Trên bàn học ấm cúng","Cuốn sổ tay mở bìa da, những trang giấy ngả vàng thơm mùi sách mới, lấp lánh dịu dàng dưới ánh đèn bàn màu vàng ấm, trên góc bàn học gỗ ấm cúng ngăn nắp","combo__sub-so-tay__cs-note-trang-giay__act-note-lap-lanh__ctx-note-ban-hoc.webp","pending"
"combo__sub-so-tay__cs-note-trang-giay__act-note-lap-lanh__ctx-note-tach-tra","notebook_level4","Cuốn sổ tay","Trang giấy ngả vàng","Lấp lánh dưới ánh đèn","Bên tách trà chiều","Cuốn sổ tay mở bìa da, những trang giấy ngả vàng thơm mùi sách mới, lấp lánh dịu dàng dưới ánh đèn bàn màu vàng ấm, đặt cạnh một tách trà hoa cúc ấm áp bốc khói nhẹ","combo__sub-so-tay__cs-note-trang-giay__act-note-lap-lanh__ctx-note-tach-tra.webp","pending"
"combo__sub-so-tay__cs-note-trang-giay__act-note-lap-lanh__ctx-note-tan-cay","notebook_level4","Cuốn sổ tay","Trang giấy ngả vàng","Lấp lánh dưới ánh đèn","Dưới tán cây râm mát","Cuốn sổ tay mở bìa da, những trang giấy ngả vàng thơm mùi sách mới, lấp lánh dịu dàng dưới ánh đèn bàn màu vàng ấm, dưới tán cây xanh ngát ngập tràn bóng râm","combo__sub-so-tay__cs-note-trang-giay__act-note-lap-lanh__ctx-note-tan-cay.webp","pending"
"combo__sub-so-tay__cs-note-trang-giay__act-note-luu-net-ve__ctx-note-ban-hoc","notebook_level4","Cuốn sổ tay","Trang giấy ngả vàng","Lưu giữ nét vẽ phác","Trên bàn học ấm cúng","Cuốn sổ tay mở bìa da, những trang giấy ngả vàng thơm mùi sách mới, đang lưu giữ những nét vẽ phác họa ngộ nghĩnh, trên góc bàn học gỗ ấm cúng ngăn nắp","combo__sub-so-tay__cs-note-trang-giay__act-note-luu-net-ve__ctx-note-ban-hoc.webp","pending"
"combo__sub-so-tay__cs-note-trang-giay__act-note-luu-net-ve__ctx-note-tach-tra","notebook_level4","Cuốn sổ tay","Trang giấy ngả vàng","Lưu giữ nét vẽ phác","Bên tách trà chiều","Cuốn sổ tay mở bìa da, những trang giấy ngả vàng thơm mùi sách mới, đang lưu giữ những nét vẽ phác họa ngộ nghĩnh, đặt cạnh một tách trà hoa cúc ấm áp bốc khói nhẹ","combo__sub-so-tay__cs-note-trang-giay__act-note-luu-net-ve__ctx-note-tach-tra.webp","pending"
"combo__sub-so-tay__cs-note-trang-giay__act-note-luu-net-ve__ctx-note-tan-cay","notebook_level4","Cuốn sổ tay","Trang giấy ngả vàng","Lưu giữ nét vẽ phác","Dưới tán cây râm mát","Cuốn sổ tay mở bìa da, những trang giấy ngả vàng thơm mùi sách mới, đang lưu giữ những nét vẽ phác họa ngộ nghĩnh, dưới tán cây xanh ngát ngập tràn bóng râm","combo__sub-so-tay__cs-note-trang-giay__act-note-luu-net-ve__ctx-note-tan-cay.webp","pending"
"combo__sub-so-tay__cs-note-day-do__act-note-mo-trang__ctx-note-ban-hoc","notebook_level4","Cuốn sổ tay","Dây đánh dấu đỏ","Đang mở sẵn trang vẽ","Trên bàn học ấm cúng","Cuốn sổ tay mở bìa da, sợi dây lụa đánh dấu trang màu đỏ thắm, đang mở sẵn trang vẽ phác thảo nét chì mộc, trên góc bàn học gỗ ấm cúng ngăn nắp","combo__sub-so-tay__cs-note-day-do__act-note-mo-trang__ctx-note-ban-hoc.webp","pending"
"combo__sub-so-tay__cs-note-day-do__act-note-mo-trang__ctx-note-tach-tra","notebook_level4","Cuốn sổ tay","Dây đánh dấu đỏ","Đang mở sẵn trang vẽ","Bên tách trà chiều","Cuốn sổ tay mở bìa da, sợi dây lụa đánh dấu trang màu đỏ thắm, đang mở sẵn trang vẽ phác thảo nét chì mộc, đặt cạnh một tách trà hoa cúc ấm áp bốc khói nhẹ","combo__sub-so-tay__cs-note-day-do__act-note-mo-trang__ctx-note-tach-tra.webp","pending"
"combo__sub-so-tay__cs-note-day-do__act-note-mo-trang__ctx-note-tan-cay","notebook_level4","Cuốn sổ tay","Dây đánh dấu đỏ","Đang mở sẵn trang vẽ","Dưới tán cây râm mát","Cuốn sổ tay mở bìa da, sợi dây lụa đánh dấu trang màu đỏ thắm, đang mở sẵn trang vẽ phác thảo nét chì mộc, dưới tán cây xanh ngát ngập tràn bóng râm","combo__sub-so-tay__cs-note-day-do__act-note-mo-trang__ctx-note-tan-cay.webp","pending"
"combo__sub-so-tay__cs-note-day-do__act-note-lap-lanh__ctx-note-ban-hoc","notebook_level4","Cuốn sổ tay","Dây đánh dấu đỏ","Lấp lánh dưới ánh đèn","Trên bàn học ấm cúng","Cuốn sổ tay mở bìa da, sợi dây lụa đánh dấu trang màu đỏ thắm, lấp lánh dịu dàng dưới ánh đèn bàn màu vàng ấm, trên góc bàn học gỗ ấm cúng ngăn nắp","combo__sub-so-tay__cs-note-day-do__act-note-lap-lanh__ctx-note-ban-hoc.webp","pending"
"combo__sub-so-tay__cs-note-day-do__act-note-lap-lanh__ctx-note-tach-tra","notebook_level4","Cuốn sổ tay","Dây đánh dấu đỏ","Lấp lánh dưới ánh đèn","Bên tách trà chiều","Cuốn sổ tay mở bìa da, sợi dây lụa đánh dấu trang màu đỏ thắm, lấp lánh dịu dàng dưới ánh đèn bàn màu vàng ấm, đặt cạnh một tách trà hoa cúc ấm áp bốc khói nhẹ","combo__sub-so-tay__cs-note-day-do__act-note-lap-lanh__ctx-note-tach-tra.webp","pending"
"combo__sub-so-tay__cs-note-day-do__act-note-lap-lanh__ctx-note-tan-cay","notebook_level4","Cuốn sổ tay","Dây đánh dấu đỏ","Lấp lánh dưới ánh đèn","Dưới tán cây râm mát","Cuốn sổ tay mở bìa da, sợi dây lụa đánh dấu trang màu đỏ thắm, lấp lánh dịu dàng dưới ánh đèn bàn màu vàng ấm, dưới tán cây xanh ngát ngập tràn bóng râm","combo__sub-so-tay__cs-note-day-do__act-note-lap-lanh__ctx-note-tan-cay.webp","pending"
"combo__sub-so-tay__cs-note-day-do__act-note-luu-net-ve__ctx-note-ban-hoc","notebook_level4","Cuốn sổ tay","Dây đánh dấu đỏ","Lưu giữ nét vẽ phác","Trên bàn học ấm cúng","Cuốn sổ tay mở bìa da, sợi dây lụa đánh dấu trang màu đỏ thắm, đang lưu giữ những nét vẽ phác họa ngộ nghĩnh, trên góc bàn học gỗ ấm cúng ngăn nắp","combo__sub-so-tay__cs-note-day-do__act-note-luu-net-ve__ctx-note-ban-hoc.webp","pending"
"combo__sub-so-tay__cs-note-day-do__act-note-luu-net-ve__ctx-note-tach-tra","notebook_level4","Cuốn sổ tay","Dây đánh dấu đỏ","Lưu giữ nét vẽ phác","Bên tách trà chiều","Cuốn sổ tay mở bìa da, sợi dây lụa đánh dấu trang màu đỏ thắm, đang lưu giữ những nét vẽ phác họa ngộ nghĩnh, đặt cạnh một tách trà hoa cúc ấm áp bốc khói nhẹ","combo__sub-so-tay__cs-note-day-do__act-note-luu-net-ve__ctx-note-tach-tra.webp","pending"
"combo__sub-so-tay__cs-note-day-do__act-note-luu-net-ve__ctx-note-tan-cay","notebook_level4","Cuốn sổ tay","Dây đánh dấu đỏ","Lưu giữ nét vẽ phác","Dưới tán cây râm mát","Cuốn sổ tay mở bìa da, sợi dây lụa đánh dấu trang màu đỏ thắm, đang lưu giữ những nét vẽ phác họa ngộ nghĩnh, dưới tán cây xanh ngát ngập tràn bóng râm","combo__sub-so-tay__cs-note-day-do__act-note-luu-net-ve__ctx-note-tan-cay.webp","pending"
"combo__sub-dong-ho","clock_level1","Đồng hồ để bàn","","","","Chiếc đồng hồ để bàn (1 từ thử nghiệm, chưa có chìa khóa)","combo__sub-dong-ho.webp","pending"
"combo__sub-dong-ho__cs-clk-vo-go","clock_level2","Đồng hồ để bàn","Vỏ gỗ mun cổ kính","","","Chiếc đồng hồ để bàn, vỏ bằng gỗ mun sẫm màu chạm trổ cổ kính","combo__sub-dong-ho__cs-clk-vo-go.webp","pending"
"combo__sub-dong-ho__cs-clk-mat-so","clock_level2","Đồng hồ để bàn","Mặt số la mã vàng","","","Chiếc đồng hồ để bàn, mặt số la mã mạ vàng sáng lấp lánh tinh xảo","combo__sub-dong-ho__cs-clk-mat-so.webp","pending"
"combo__sub-dong-ho__cs-clk-kim-dong-ho","clock_level2","Đồng hồ để bàn","Kim đồng hồ tích tắc","","","Chiếc đồng hồ để bàn, đôi kim thanh mảnh uốn lượn phong cách quý tộc","combo__sub-dong-ho__cs-clk-kim-dong-ho.webp","pending"
"combo__sub-dong-ho__cs-clk-vo-go__act-clk-diem-chuong","clock_level3","Đồng hồ để bàn","Vỏ gỗ mun cổ kính","Đang điểm chuông ngân","","Chiếc đồng hồ để bàn, vỏ bằng gỗ mun sẫm màu chạm trổ cổ kính, đang vang lên tiếng chuông điểm giờ trong trẻo ngân nga","combo__sub-dong-ho__cs-clk-vo-go__act-clk-diem-chuong.webp","pending"
"combo__sub-dong-ho__cs-clk-vo-go__act-clk-tich-tac","clock_level3","Đồng hồ để bàn","Vỏ gỗ mun cổ kính","Tích tắc đếm từng giây","","Chiếc đồng hồ để bàn, vỏ bằng gỗ mun sẫm màu chạm trổ cổ kính, tiếng tích tắc êm tai đều đặn đếm từng nhịp thời gian","combo__sub-dong-ho__cs-clk-vo-go__act-clk-tich-tac.webp","pending"
"combo__sub-dong-ho__cs-clk-vo-go__act-clk-phan-chieu","clock_level3","Đồng hồ để bàn","Vỏ gỗ mun cổ kính","Phản chiếu nắng chiều","","Chiếc đồng hồ để bàn, vỏ bằng gỗ mun sẫm màu chạm trổ cổ kính, phản chiếu ánh nắng hoàng hôn vàng óng qua lớp kính","combo__sub-dong-ho__cs-clk-vo-go__act-clk-phan-chieu.webp","pending"
"combo__sub-dong-ho__cs-clk-mat-so__act-clk-diem-chuong","clock_level3","Đồng hồ để bàn","Mặt số la mã vàng","Đang điểm chuông ngân","","Chiếc đồng hồ để bàn, mặt số la mã mạ vàng sáng lấp lánh tinh xảo, đang vang lên tiếng chuông điểm giờ trong trẻo ngân nga","combo__sub-dong-ho__cs-clk-mat-so__act-clk-diem-chuong.webp","pending"
"combo__sub-dong-ho__cs-clk-mat-so__act-clk-tich-tac","clock_level3","Đồng hồ để bàn","Mặt số la mã vàng","Tích tắc đếm từng giây","","Chiếc đồng hồ để bàn, mặt số la mã mạ vàng sáng lấp lánh tinh xảo, tiếng tích tắc êm tai đều đặn đếm từng nhịp thời gian","combo__sub-dong-ho__cs-clk-mat-so__act-clk-tich-tac.webp","pending"
"combo__sub-dong-ho__cs-clk-mat-so__act-clk-phan-chieu","clock_level3","Đồng hồ để bàn","Mặt số la mã vàng","Phản chiếu nắng chiều","","Chiếc đồng hồ để bàn, mặt số la mã mạ vàng sáng lấp lánh tinh xảo, phản chiếu ánh nắng hoàng hôn vàng óng qua lớp kính","combo__sub-dong-ho__cs-clk-mat-so__act-clk-phan-chieu.webp","pending"
"combo__sub-dong-ho__cs-clk-kim-dong-ho__act-clk-diem-chuong","clock_level3","Đồng hồ để bàn","Kim đồng hồ tích tắc","Đang điểm chuông ngân","","Chiếc đồng hồ để bàn, đôi kim thanh mảnh uốn lượn phong cách quý tộc, đang vang lên tiếng chuông điểm giờ trong trẻo ngân nga","combo__sub-dong-ho__cs-clk-kim-dong-ho__act-clk-diem-chuong.webp","pending"
"combo__sub-dong-ho__cs-clk-kim-dong-ho__act-clk-tich-tac","clock_level3","Đồng hồ để bàn","Kim đồng hồ tích tắc","Tích tắc đếm từng giây","","Chiếc đồng hồ để bàn, đôi kim thanh mảnh uốn lượn phong cách quý tộc, tiếng tích tắc êm tai đều đặn đếm từng nhịp thời gian","combo__sub-dong-ho__cs-clk-kim-dong-ho__act-clk-tich-tac.webp","pending"
"combo__sub-dong-ho__cs-clk-kim-dong-ho__act-clk-phan-chieu","clock_level3","Đồng hồ để bàn","Kim đồng hồ tích tắc","Phản chiếu nắng chiều","","Chiếc đồng hồ để bàn, đôi kim thanh mảnh uốn lượn phong cách quý tộc, phản chiếu ánh nắng hoàng hôn vàng óng qua lớp kính","combo__sub-dong-ho__cs-clk-kim-dong-ho__act-clk-phan-chieu.webp","pending"
"combo__sub-dong-ho__cs-clk-vo-go__act-clk-diem-chuong__ctx-clk-tuong-gach","clock_level4","Đồng hồ để bàn","Vỏ gỗ mun cổ kính","Đang điểm chuông ngân","Treo trên tường gạch","Chiếc đồng hồ để bàn, vỏ bằng gỗ mun sẫm màu chạm trổ cổ kính, đang vang lên tiếng chuông điểm giờ trong trẻo ngân nga, treo trang trọng trên bức tường gạch đỏ mộc mạc","combo__sub-dong-ho__cs-clk-vo-go__act-clk-diem-chuong__ctx-clk-tuong-gach.webp","pending"
"combo__sub-dong-ho__cs-clk-vo-go__act-clk-diem-chuong__ctx-clk-lo-suoi","clock_level4","Đồng hồ để bàn","Vỏ gỗ mun cổ kính","Đang điểm chuông ngân","Trên lò sưởi ấm áp","Chiếc đồng hồ để bàn, vỏ bằng gỗ mun sẫm màu chạm trổ cổ kính, đang vang lên tiếng chuông điểm giờ trong trẻo ngân nga, ngay trên bệ lò sưởi đá bập bùng ngọn lửa ấm áp","combo__sub-dong-ho__cs-clk-vo-go__act-clk-diem-chuong__ctx-clk-lo-suoi.webp","pending"
"combo__sub-dong-ho__cs-clk-vo-go__act-clk-diem-chuong__ctx-clk-ke-sach","clock_level4","Đồng hồ để bàn","Vỏ gỗ mun cổ kính","Đang điểm chuông ngân","Trên kệ sách phòng khách","Chiếc đồng hồ để bàn, vỏ bằng gỗ mun sẫm màu chạm trổ cổ kính, đang vang lên tiếng chuông điểm giờ trong trẻo ngân nga, trên kệ sách gỗ phòng khách sang trọng ấm cúng","combo__sub-dong-ho__cs-clk-vo-go__act-clk-diem-chuong__ctx-clk-ke-sach.webp","pending"
"combo__sub-dong-ho__cs-clk-vo-go__act-clk-tich-tac__ctx-clk-tuong-gach","clock_level4","Đồng hồ để bàn","Vỏ gỗ mun cổ kính","Tích tắc đếm từng giây","Treo trên tường gạch","Chiếc đồng hồ để bàn, vỏ bằng gỗ mun sẫm màu chạm trổ cổ kính, tiếng tích tắc êm tai đều đặn đếm từng nhịp thời gian, treo trang trọng trên bức tường gạch đỏ mộc mạc","combo__sub-dong-ho__cs-clk-vo-go__act-clk-tich-tac__ctx-clk-tuong-gach.webp","pending"
"combo__sub-dong-ho__cs-clk-vo-go__act-clk-tich-tac__ctx-clk-lo-suoi","clock_level4","Đồng hồ để bàn","Vỏ gỗ mun cổ kính","Tích tắc đếm từng giây","Trên lò sưởi ấm áp","Chiếc đồng hồ để bàn, vỏ bằng gỗ mun sẫm màu chạm trổ cổ kính, tiếng tích tắc êm tai đều đặn đếm từng nhịp thời gian, ngay trên bệ lò sưởi đá bập bùng ngọn lửa ấm áp","combo__sub-dong-ho__cs-clk-vo-go__act-clk-tich-tac__ctx-clk-lo-suoi.webp","pending"
"combo__sub-dong-ho__cs-clk-vo-go__act-clk-tich-tac__ctx-clk-ke-sach","clock_level4","Đồng hồ để bàn","Vỏ gỗ mun cổ kính","Tích tắc đếm từng giây","Trên kệ sách phòng khách","Chiếc đồng hồ để bàn, vỏ bằng gỗ mun sẫm màu chạm trổ cổ kính, tiếng tích tắc êm tai đều đặn đếm từng nhịp thời gian, trên kệ sách gỗ phòng khách sang trọng ấm cúng","combo__sub-dong-ho__cs-clk-vo-go__act-clk-tich-tac__ctx-clk-ke-sach.webp","pending"
"combo__sub-dong-ho__cs-clk-vo-go__act-clk-phan-chieu__ctx-clk-tuong-gach","clock_level4","Đồng hồ để bàn","Vỏ gỗ mun cổ kính","Phản chiếu nắng chiều","Treo trên tường gạch","Chiếc đồng hồ để bàn, vỏ bằng gỗ mun sẫm màu chạm trổ cổ kính, phản chiếu ánh nắng hoàng hôn vàng óng qua lớp kính, treo trang trọng trên bức tường gạch đỏ mộc mạc","combo__sub-dong-ho__cs-clk-vo-go__act-clk-phan-chieu__ctx-clk-tuong-gach.webp","pending"
"combo__sub-dong-ho__cs-clk-vo-go__act-clk-phan-chieu__ctx-clk-lo-suoi","clock_level4","Đồng hồ để bàn","Vỏ gỗ mun cổ kính","Phản chiếu nắng chiều","Trên lò sưởi ấm áp","Chiếc đồng hồ để bàn, vỏ bằng gỗ mun sẫm màu chạm trổ cổ kính, phản chiếu ánh nắng hoàng hôn vàng óng qua lớp kính, ngay trên bệ lò sưởi đá bập bùng ngọn lửa ấm áp","combo__sub-dong-ho__cs-clk-vo-go__act-clk-phan-chieu__ctx-clk-lo-suoi.webp","pending"
"combo__sub-dong-ho__cs-clk-vo-go__act-clk-phan-chieu__ctx-clk-ke-sach","clock_level4","Đồng hồ để bàn","Vỏ gỗ mun cổ kính","Phản chiếu nắng chiều","Trên kệ sách phòng khách","Chiếc đồng hồ để bàn, vỏ bằng gỗ mun sẫm màu chạm trổ cổ kính, phản chiếu ánh nắng hoàng hôn vàng óng qua lớp kính, trên kệ sách gỗ phòng khách sang trọng ấm cúng","combo__sub-dong-ho__cs-clk-vo-go__act-clk-phan-chieu__ctx-clk-ke-sach.webp","pending"
"combo__sub-dong-ho__cs-clk-mat-so__act-clk-diem-chuong__ctx-clk-tuong-gach","clock_level4","Đồng hồ để bàn","Mặt số la mã vàng","Đang điểm chuông ngân","Treo trên tường gạch","Chiếc đồng hồ để bàn, mặt số la mã mạ vàng sáng lấp lánh tinh xảo, đang vang lên tiếng chuông điểm giờ trong trẻo ngân nga, treo trang trọng trên bức tường gạch đỏ mộc mạc","combo__sub-dong-ho__cs-clk-mat-so__act-clk-diem-chuong__ctx-clk-tuong-gach.webp","pending"
"combo__sub-dong-ho__cs-clk-mat-so__act-clk-diem-chuong__ctx-clk-lo-suoi","clock_level4","Đồng hồ để bàn","Mặt số la mã vàng","Đang điểm chuông ngân","Trên lò sưởi ấm áp","Chiếc đồng hồ để bàn, mặt số la mã mạ vàng sáng lấp lánh tinh xảo, đang vang lên tiếng chuông điểm giờ trong trẻo ngân nga, ngay trên bệ lò sưởi đá bập bùng ngọn lửa ấm áp","combo__sub-dong-ho__cs-clk-mat-so__act-clk-diem-chuong__ctx-clk-lo-suoi.webp","pending"
"combo__sub-dong-ho__cs-clk-mat-so__act-clk-diem-chuong__ctx-clk-ke-sach","clock_level4","Đồng hồ để bàn","Mặt số la mã vàng","Đang điểm chuông ngân","Trên kệ sách phòng khách","Chiếc đồng hồ để bàn, mặt số la mã mạ vàng sáng lấp lánh tinh xảo, đang vang lên tiếng chuông điểm giờ trong trẻo ngân nga, trên kệ sách gỗ phòng khách sang trọng ấm cúng","combo__sub-dong-ho__cs-clk-mat-so__act-clk-diem-chuong__ctx-clk-ke-sach.webp","pending"
"combo__sub-dong-ho__cs-clk-mat-so__act-clk-tich-tac__ctx-clk-tuong-gach","clock_level4","Đồng hồ để bàn","Mặt số la mã vàng","Tích tắc đếm từng giây","Treo trên tường gạch","Chiếc đồng hồ để bàn, mặt số la mã mạ vàng sáng lấp lánh tinh xảo, tiếng tích tắc êm tai đều đặn đếm từng nhịp thời gian, treo trang trọng trên bức tường gạch đỏ mộc mạc","combo__sub-dong-ho__cs-clk-mat-so__act-clk-tich-tac__ctx-clk-tuong-gach.webp","pending"
"combo__sub-dong-ho__cs-clk-mat-so__act-clk-tich-tac__ctx-clk-lo-suoi","clock_level4","Đồng hồ để bàn","Mặt số la mã vàng","Tích tắc đếm từng giây","Trên lò sưởi ấm áp","Chiếc đồng hồ để bàn, mặt số la mã mạ vàng sáng lấp lánh tinh xảo, tiếng tích tắc êm tai đều đặn đếm từng nhịp thời gian, ngay trên bệ lò sưởi đá bập bùng ngọn lửa ấm áp","combo__sub-dong-ho__cs-clk-mat-so__act-clk-tich-tac__ctx-clk-lo-suoi.webp","pending"
"combo__sub-dong-ho__cs-clk-mat-so__act-clk-tich-tac__ctx-clk-ke-sach","clock_level4","Đồng hồ để bàn","Mặt số la mã vàng","Tích tắc đếm từng giây","Trên kệ sách phòng khách","Chiếc đồng hồ để bàn, mặt số la mã mạ vàng sáng lấp lánh tinh xảo, tiếng tích tắc êm tai đều đặn đếm từng nhịp thời gian, trên kệ sách gỗ phòng khách sang trọng ấm cúng","combo__sub-dong-ho__cs-clk-mat-so__act-clk-tich-tac__ctx-clk-ke-sach.webp","pending"
"combo__sub-dong-ho__cs-clk-mat-so__act-clk-phan-chieu__ctx-clk-tuong-gach","clock_level4","Đồng hồ để bàn","Mặt số la mã vàng","Phản chiếu nắng chiều","Treo trên tường gạch","Chiếc đồng hồ để bàn, mặt số la mã mạ vàng sáng lấp lánh tinh xảo, phản chiếu ánh nắng hoàng hôn vàng óng qua lớp kính, treo trang trọng trên bức tường gạch đỏ mộc mạc","combo__sub-dong-ho__cs-clk-mat-so__act-clk-phan-chieu__ctx-clk-tuong-gach.webp","pending"
"combo__sub-dong-ho__cs-clk-mat-so__act-clk-phan-chieu__ctx-clk-lo-suoi","clock_level4","Đồng hồ để bàn","Mặt số la mã vàng","Phản chiếu nắng chiều","Trên lò sưởi ấm áp","Chiếc đồng hồ để bàn, mặt số la mã mạ vàng sáng lấp lánh tinh xảo, phản chiếu ánh nắng hoàng hôn vàng óng qua lớp kính, ngay trên bệ lò sưởi đá bập bùng ngọn lửa ấm áp","combo__sub-dong-ho__cs-clk-mat-so__act-clk-phan-chieu__ctx-clk-lo-suoi.webp","pending"
"combo__sub-dong-ho__cs-clk-mat-so__act-clk-phan-chieu__ctx-clk-ke-sach","clock_level4","Đồng hồ để bàn","Mặt số la mã vàng","Phản chiếu nắng chiều","Trên kệ sách phòng khách","Chiếc đồng hồ để bàn, mặt số la mã mạ vàng sáng lấp lánh tinh xảo, phản chiếu ánh nắng hoàng hôn vàng óng qua lớp kính, trên kệ sách gỗ phòng khách sang trọng ấm cúng","combo__sub-dong-ho__cs-clk-mat-so__act-clk-phan-chieu__ctx-clk-ke-sach.webp","pending"
"combo__sub-dong-ho__cs-clk-kim-dong-ho__act-clk-diem-chuong__ctx-clk-tuong-gach","clock_level4","Đồng hồ để bàn","Kim đồng hồ tích tắc","Đang điểm chuông ngân","Treo trên tường gạch","Chiếc đồng hồ để bàn, đôi kim thanh mảnh uốn lượn phong cách quý tộc, đang vang lên tiếng chuông điểm giờ trong trẻo ngân nga, treo trang trọng trên bức tường gạch đỏ mộc mạc","combo__sub-dong-ho__cs-clk-kim-dong-ho__act-clk-diem-chuong__ctx-clk-tuong-gach.webp","pending"
"combo__sub-dong-ho__cs-clk-kim-dong-ho__act-clk-diem-chuong__ctx-clk-lo-suoi","clock_level4","Đồng hồ để bàn","Kim đồng hồ tích tắc","Đang điểm chuông ngân","Trên lò sưởi ấm áp","Chiếc đồng hồ để bàn, đôi kim thanh mảnh uốn lượn phong cách quý tộc, đang vang lên tiếng chuông điểm giờ trong trẻo ngân nga, ngay trên bệ lò sưởi đá bập bùng ngọn lửa ấm áp","combo__sub-dong-ho__cs-clk-kim-dong-ho__act-clk-diem-chuong__ctx-clk-lo-suoi.webp","pending"
"combo__sub-dong-ho__cs-clk-kim-dong-ho__act-clk-diem-chuong__ctx-clk-ke-sach","clock_level4","Đồng hồ để bàn","Kim đồng hồ tích tắc","Đang điểm chuông ngân","Trên kệ sách phòng khách","Chiếc đồng hồ để bàn, đôi kim thanh mảnh uốn lượn phong cách quý tộc, đang vang lên tiếng chuông điểm giờ trong trẻo ngân nga, trên kệ sách gỗ phòng khách sang trọng ấm cúng","combo__sub-dong-ho__cs-clk-kim-dong-ho__act-clk-diem-chuong__ctx-clk-ke-sach.webp","pending"
"combo__sub-dong-ho__cs-clk-kim-dong-ho__act-clk-tich-tac__ctx-clk-tuong-gach","clock_level4","Đồng hồ để bàn","Kim đồng hồ tích tắc","Tích tắc đếm từng giây","Treo trên tường gạch","Chiếc đồng hồ để bàn, đôi kim thanh mảnh uốn lượn phong cách quý tộc, tiếng tích tắc êm tai đều đặn đếm từng nhịp thời gian, treo trang trọng trên bức tường gạch đỏ mộc mạc","combo__sub-dong-ho__cs-clk-kim-dong-ho__act-clk-tich-tac__ctx-clk-tuong-gach.webp","pending"
"combo__sub-dong-ho__cs-clk-kim-dong-ho__act-clk-tich-tac__ctx-clk-lo-suoi","clock_level4","Đồng hồ để bàn","Kim đồng hồ tích tắc","Tích tắc đếm từng giây","Trên lò sưởi ấm áp","Chiếc đồng hồ để bàn, đôi kim thanh mảnh uốn lượn phong cách quý tộc, tiếng tích tắc êm tai đều đặn đếm từng nhịp thời gian, ngay trên bệ lò sưởi đá bập bùng ngọn lửa ấm áp","combo__sub-dong-ho__cs-clk-kim-dong-ho__act-clk-tich-tac__ctx-clk-lo-suoi.webp","pending"
"combo__sub-dong-ho__cs-clk-kim-dong-ho__act-clk-tich-tac__ctx-clk-ke-sach","clock_level4","Đồng hồ để bàn","Kim đồng hồ tích tắc","Tích tắc đếm từng giây","Trên kệ sách phòng khách","Chiếc đồng hồ để bàn, đôi kim thanh mảnh uốn lượn phong cách quý tộc, tiếng tích tắc êm tai đều đặn đếm từng nhịp thời gian, trên kệ sách gỗ phòng khách sang trọng ấm cúng","combo__sub-dong-ho__cs-clk-kim-dong-ho__act-clk-tich-tac__ctx-clk-ke-sach.webp","pending"
"combo__sub-dong-ho__cs-clk-kim-dong-ho__act-clk-phan-chieu__ctx-clk-tuong-gach","clock_level4","Đồng hồ để bàn","Kim đồng hồ tích tắc","Phản chiếu nắng chiều","Treo trên tường gạch","Chiếc đồng hồ để bàn, đôi kim thanh mảnh uốn lượn phong cách quý tộc, phản chiếu ánh nắng hoàng hôn vàng óng qua lớp kính, treo trang trọng trên bức tường gạch đỏ mộc mạc","combo__sub-dong-ho__cs-clk-kim-dong-ho__act-clk-phan-chieu__ctx-clk-tuong-gach.webp","pending"
"combo__sub-dong-ho__cs-clk-kim-dong-ho__act-clk-phan-chieu__ctx-clk-lo-suoi","clock_level4","Đồng hồ để bàn","Kim đồng hồ tích tắc","Phản chiếu nắng chiều","Trên lò sưởi ấm áp","Chiếc đồng hồ để bàn, đôi kim thanh mảnh uốn lượn phong cách quý tộc, phản chiếu ánh nắng hoàng hôn vàng óng qua lớp kính, ngay trên bệ lò sưởi đá bập bùng ngọn lửa ấm áp","combo__sub-dong-ho__cs-clk-kim-dong-ho__act-clk-phan-chieu__ctx-clk-lo-suoi.webp","pending"
"combo__sub-dong-ho__cs-clk-kim-dong-ho__act-clk-phan-chieu__ctx-clk-ke-sach","clock_level4","Đồng hồ để bàn","Kim đồng hồ tích tắc","Phản chiếu nắng chiều","Trên kệ sách phòng khách","Chiếc đồng hồ để bàn, đôi kim thanh mảnh uốn lượn phong cách quý tộc, phản chiếu ánh nắng hoàng hôn vàng óng qua lớp kính, trên kệ sách gỗ phòng khách sang trọng ấm cúng","combo__sub-dong-ho__cs-clk-kim-dong-ho__act-clk-phan-chieu__ctx-clk-ke-sach.webp","pending"
"combo__sub-con-ca-vang","goldfish_level1","Con cá vàng","","","","Con cá vàng (1 từ thử nghiệm, chưa có chìa khóa)","combo__sub-con-ca-vang.webp","pending"
"combo__sub-con-ca-vang__cs-fish-duoi-voan","goldfish_level2","Con cá vàng","Đuôi voan dài mềm","","","Con cá vàng, đuôi voan dài mềm","combo__sub-con-ca-vang__cs-fish-duoi-voan.webp","pending"
"combo__sub-con-ca-vang__cs-fish-than-tron","goldfish_level2","Con cá vàng","Thân tròn mắt lồi","","","Con cá vàng, thân tròn mắt lồi","combo__sub-con-ca-vang__cs-fish-than-tron.webp","pending"
"combo__sub-con-ca-vang__cs-fish-vay-anh-bac","goldfish_level2","Con cá vàng","Vảy ánh bạc lấp lánh","","","Con cá vàng, vảy ánh bạc lấp lánh","combo__sub-con-ca-vang__cs-fish-vay-anh-bac.webp","pending"
"combo__sub-con-ca-vang__cs-fish-duoi-voan__act-fish-dop-bot","goldfish_level3","Con cá vàng","Đuôi voan dài mềm","Ngoi lên đớp bọt","","Con cá vàng, đuôi voan dài mềm, đang ngoi lên đớp bọt","combo__sub-con-ca-vang__cs-fish-duoi-voan__act-fish-dop-bot.webp","pending"
"combo__sub-con-ca-vang__cs-fish-duoi-voan__act-fish-nap-da","goldfish_level3","Con cá vàng","Đuôi voan dài mềm","Nấp sau hòn đá","","Con cá vàng, đuôi voan dài mềm, đang nấp sau hòn đá","combo__sub-con-ca-vang__cs-fish-duoi-voan__act-fish-nap-da.webp","pending"
"combo__sub-con-ca-vang__cs-fish-duoi-voan__act-fish-ria-rong","goldfish_level3","Con cá vàng","Đuôi voan dài mềm","Rỉa nhánh rong xanh","","Con cá vàng, đuôi voan dài mềm, đang rỉa nhánh rong xanh","combo__sub-con-ca-vang__cs-fish-duoi-voan__act-fish-ria-rong.webp","pending"
"combo__sub-con-ca-vang__cs-fish-than-tron__act-fish-dop-bot","goldfish_level3","Con cá vàng","Thân tròn mắt lồi","Ngoi lên đớp bọt","","Con cá vàng, thân tròn mắt lồi, đang ngoi lên đớp bọt","combo__sub-con-ca-vang__cs-fish-than-tron__act-fish-dop-bot.webp","pending"
"combo__sub-con-ca-vang__cs-fish-than-tron__act-fish-nap-da","goldfish_level3","Con cá vàng","Thân tròn mắt lồi","Nấp sau hòn đá","","Con cá vàng, thân tròn mắt lồi, đang nấp sau hòn đá","combo__sub-con-ca-vang__cs-fish-than-tron__act-fish-nap-da.webp","pending"
"combo__sub-con-ca-vang__cs-fish-than-tron__act-fish-ria-rong","goldfish_level3","Con cá vàng","Thân tròn mắt lồi","Rỉa nhánh rong xanh","","Con cá vàng, thân tròn mắt lồi, đang rỉa nhánh rong xanh","combo__sub-con-ca-vang__cs-fish-than-tron__act-fish-ria-rong.webp","pending"
"combo__sub-con-ca-vang__cs-fish-vay-anh-bac__act-fish-dop-bot","goldfish_level3","Con cá vàng","Vảy ánh bạc lấp lánh","Ngoi lên đớp bọt","","Con cá vàng, vảy ánh bạc lấp lánh, đang ngoi lên đớp bọt","combo__sub-con-ca-vang__cs-fish-vay-anh-bac__act-fish-dop-bot.webp","pending"
"combo__sub-con-ca-vang__cs-fish-vay-anh-bac__act-fish-nap-da","goldfish_level3","Con cá vàng","Vảy ánh bạc lấp lánh","Nấp sau hòn đá","","Con cá vàng, vảy ánh bạc lấp lánh, đang nấp sau hòn đá","combo__sub-con-ca-vang__cs-fish-vay-anh-bac__act-fish-nap-da.webp","pending"
"combo__sub-con-ca-vang__cs-fish-vay-anh-bac__act-fish-ria-rong","goldfish_level3","Con cá vàng","Vảy ánh bạc lấp lánh","Rỉa nhánh rong xanh","","Con cá vàng, vảy ánh bạc lấp lánh, đang rỉa nhánh rong xanh","combo__sub-con-ca-vang__cs-fish-vay-anh-bac__act-fish-ria-rong.webp","pending"
"combo__sub-con-ca-vang__cs-fish-duoi-voan__act-fish-dop-bot__ctx-fish-binh-thuy-tinh","goldfish_level4","Con cá vàng","Đuôi voan dài mềm","Ngoi lên đớp bọt","Trong bình thuỷ tinh tròn","Con cá vàng, đuôi voan dài mềm, đang ngoi lên đớp bọt, trong bình thuỷ tinh tròn","combo__sub-con-ca-vang__cs-fish-duoi-voan__act-fish-dop-bot__ctx-fish-binh-thuy-tinh.webp","pending"
"combo__sub-con-ca-vang__cs-fish-duoi-voan__act-fish-dop-bot__ctx-fish-be-ca-soi","goldfish_level4","Con cá vàng","Đuôi voan dài mềm","Ngoi lên đớp bọt","Trong bể cá rải sỏi trắng","Con cá vàng, đuôi voan dài mềm, đang ngoi lên đớp bọt, trong bể cá rải sỏi trắng","combo__sub-con-ca-vang__cs-fish-duoi-voan__act-fish-dop-bot__ctx-fish-be-ca-soi.webp","pending"
"combo__sub-con-ca-vang__cs-fish-duoi-voan__act-fish-dop-bot__ctx-fish-chum-sanh","goldfish_level4","Con cá vàng","Đuôi voan dài mềm","Ngoi lên đớp bọt","Trong chum sành ngoài sân","Con cá vàng, đuôi voan dài mềm, đang ngoi lên đớp bọt, trong chum sành ngoài sân","combo__sub-con-ca-vang__cs-fish-duoi-voan__act-fish-dop-bot__ctx-fish-chum-sanh.webp","pending"
"combo__sub-con-ca-vang__cs-fish-duoi-voan__act-fish-nap-da__ctx-fish-binh-thuy-tinh","goldfish_level4","Con cá vàng","Đuôi voan dài mềm","Nấp sau hòn đá","Trong bình thuỷ tinh tròn","Con cá vàng, đuôi voan dài mềm, đang nấp sau hòn đá, trong bình thuỷ tinh tròn","combo__sub-con-ca-vang__cs-fish-duoi-voan__act-fish-nap-da__ctx-fish-binh-thuy-tinh.webp","pending"
"combo__sub-con-ca-vang__cs-fish-duoi-voan__act-fish-nap-da__ctx-fish-be-ca-soi","goldfish_level4","Con cá vàng","Đuôi voan dài mềm","Nấp sau hòn đá","Trong bể cá rải sỏi trắng","Con cá vàng, đuôi voan dài mềm, đang nấp sau hòn đá, trong bể cá rải sỏi trắng","combo__sub-con-ca-vang__cs-fish-duoi-voan__act-fish-nap-da__ctx-fish-be-ca-soi.webp","pending"
"combo__sub-con-ca-vang__cs-fish-duoi-voan__act-fish-nap-da__ctx-fish-chum-sanh","goldfish_level4","Con cá vàng","Đuôi voan dài mềm","Nấp sau hòn đá","Trong chum sành ngoài sân","Con cá vàng, đuôi voan dài mềm, đang nấp sau hòn đá, trong chum sành ngoài sân","combo__sub-con-ca-vang__cs-fish-duoi-voan__act-fish-nap-da__ctx-fish-chum-sanh.webp","pending"
"combo__sub-con-ca-vang__cs-fish-duoi-voan__act-fish-ria-rong__ctx-fish-binh-thuy-tinh","goldfish_level4","Con cá vàng","Đuôi voan dài mềm","Rỉa nhánh rong xanh","Trong bình thuỷ tinh tròn","Con cá vàng, đuôi voan dài mềm, đang rỉa nhánh rong xanh, trong bình thuỷ tinh tròn","combo__sub-con-ca-vang__cs-fish-duoi-voan__act-fish-ria-rong__ctx-fish-binh-thuy-tinh.webp","pending"
"combo__sub-con-ca-vang__cs-fish-duoi-voan__act-fish-ria-rong__ctx-fish-be-ca-soi","goldfish_level4","Con cá vàng","Đuôi voan dài mềm","Rỉa nhánh rong xanh","Trong bể cá rải sỏi trắng","Con cá vàng, đuôi voan dài mềm, đang rỉa nhánh rong xanh, trong bể cá rải sỏi trắng","combo__sub-con-ca-vang__cs-fish-duoi-voan__act-fish-ria-rong__ctx-fish-be-ca-soi.webp","pending"
"combo__sub-con-ca-vang__cs-fish-duoi-voan__act-fish-ria-rong__ctx-fish-chum-sanh","goldfish_level4","Con cá vàng","Đuôi voan dài mềm","Rỉa nhánh rong xanh","Trong chum sành ngoài sân","Con cá vàng, đuôi voan dài mềm, đang rỉa nhánh rong xanh, trong chum sành ngoài sân","combo__sub-con-ca-vang__cs-fish-duoi-voan__act-fish-ria-rong__ctx-fish-chum-sanh.webp","pending"
"combo__sub-con-ca-vang__cs-fish-than-tron__act-fish-dop-bot__ctx-fish-binh-thuy-tinh","goldfish_level4","Con cá vàng","Thân tròn mắt lồi","Ngoi lên đớp bọt","Trong bình thuỷ tinh tròn","Con cá vàng, thân tròn mắt lồi, đang ngoi lên đớp bọt, trong bình thuỷ tinh tròn","combo__sub-con-ca-vang__cs-fish-than-tron__act-fish-dop-bot__ctx-fish-binh-thuy-tinh.webp","pending"
"combo__sub-con-ca-vang__cs-fish-than-tron__act-fish-dop-bot__ctx-fish-be-ca-soi","goldfish_level4","Con cá vàng","Thân tròn mắt lồi","Ngoi lên đớp bọt","Trong bể cá rải sỏi trắng","Con cá vàng, thân tròn mắt lồi, đang ngoi lên đớp bọt, trong bể cá rải sỏi trắng","combo__sub-con-ca-vang__cs-fish-than-tron__act-fish-dop-bot__ctx-fish-be-ca-soi.webp","pending"
"combo__sub-con-ca-vang__cs-fish-than-tron__act-fish-dop-bot__ctx-fish-chum-sanh","goldfish_level4","Con cá vàng","Thân tròn mắt lồi","Ngoi lên đớp bọt","Trong chum sành ngoài sân","Con cá vàng, thân tròn mắt lồi, đang ngoi lên đớp bọt, trong chum sành ngoài sân","combo__sub-con-ca-vang__cs-fish-than-tron__act-fish-dop-bot__ctx-fish-chum-sanh.webp","pending"
"combo__sub-con-ca-vang__cs-fish-than-tron__act-fish-nap-da__ctx-fish-binh-thuy-tinh","goldfish_level4","Con cá vàng","Thân tròn mắt lồi","Nấp sau hòn đá","Trong bình thuỷ tinh tròn","Con cá vàng, thân tròn mắt lồi, đang nấp sau hòn đá, trong bình thuỷ tinh tròn","combo__sub-con-ca-vang__cs-fish-than-tron__act-fish-nap-da__ctx-fish-binh-thuy-tinh.webp","pending"
"combo__sub-con-ca-vang__cs-fish-than-tron__act-fish-nap-da__ctx-fish-be-ca-soi","goldfish_level4","Con cá vàng","Thân tròn mắt lồi","Nấp sau hòn đá","Trong bể cá rải sỏi trắng","Con cá vàng, thân tròn mắt lồi, đang nấp sau hòn đá, trong bể cá rải sỏi trắng","combo__sub-con-ca-vang__cs-fish-than-tron__act-fish-nap-da__ctx-fish-be-ca-soi.webp","pending"
"combo__sub-con-ca-vang__cs-fish-than-tron__act-fish-nap-da__ctx-fish-chum-sanh","goldfish_level4","Con cá vàng","Thân tròn mắt lồi","Nấp sau hòn đá","Trong chum sành ngoài sân","Con cá vàng, thân tròn mắt lồi, đang nấp sau hòn đá, trong chum sành ngoài sân","combo__sub-con-ca-vang__cs-fish-than-tron__act-fish-nap-da__ctx-fish-chum-sanh.webp","pending"
"combo__sub-con-ca-vang__cs-fish-than-tron__act-fish-ria-rong__ctx-fish-binh-thuy-tinh","goldfish_level4","Con cá vàng","Thân tròn mắt lồi","Rỉa nhánh rong xanh","Trong bình thuỷ tinh tròn","Con cá vàng, thân tròn mắt lồi, đang rỉa nhánh rong xanh, trong bình thuỷ tinh tròn","combo__sub-con-ca-vang__cs-fish-than-tron__act-fish-ria-rong__ctx-fish-binh-thuy-tinh.webp","pending"
"combo__sub-con-ca-vang__cs-fish-than-tron__act-fish-ria-rong__ctx-fish-be-ca-soi","goldfish_level4","Con cá vàng","Thân tròn mắt lồi","Rỉa nhánh rong xanh","Trong bể cá rải sỏi trắng","Con cá vàng, thân tròn mắt lồi, đang rỉa nhánh rong xanh, trong bể cá rải sỏi trắng","combo__sub-con-ca-vang__cs-fish-than-tron__act-fish-ria-rong__ctx-fish-be-ca-soi.webp","pending"
"combo__sub-con-ca-vang__cs-fish-than-tron__act-fish-ria-rong__ctx-fish-chum-sanh","goldfish_level4","Con cá vàng","Thân tròn mắt lồi","Rỉa nhánh rong xanh","Trong chum sành ngoài sân","Con cá vàng, thân tròn mắt lồi, đang rỉa nhánh rong xanh, trong chum sành ngoài sân","combo__sub-con-ca-vang__cs-fish-than-tron__act-fish-ria-rong__ctx-fish-chum-sanh.webp","pending"
"combo__sub-con-ca-vang__cs-fish-vay-anh-bac__act-fish-dop-bot__ctx-fish-binh-thuy-tinh","goldfish_level4","Con cá vàng","Vảy ánh bạc lấp lánh","Ngoi lên đớp bọt","Trong bình thuỷ tinh tròn","Con cá vàng, vảy ánh bạc lấp lánh, đang ngoi lên đớp bọt, trong bình thuỷ tinh tròn","combo__sub-con-ca-vang__cs-fish-vay-anh-bac__act-fish-dop-bot__ctx-fish-binh-thuy-tinh.webp","pending"
"combo__sub-con-ca-vang__cs-fish-vay-anh-bac__act-fish-dop-bot__ctx-fish-be-ca-soi","goldfish_level4","Con cá vàng","Vảy ánh bạc lấp lánh","Ngoi lên đớp bọt","Trong bể cá rải sỏi trắng","Con cá vàng, vảy ánh bạc lấp lánh, đang ngoi lên đớp bọt, trong bể cá rải sỏi trắng","combo__sub-con-ca-vang__cs-fish-vay-anh-bac__act-fish-dop-bot__ctx-fish-be-ca-soi.webp","pending"
"combo__sub-con-ca-vang__cs-fish-vay-anh-bac__act-fish-dop-bot__ctx-fish-chum-sanh","goldfish_level4","Con cá vàng","Vảy ánh bạc lấp lánh","Ngoi lên đớp bọt","Trong chum sành ngoài sân","Con cá vàng, vảy ánh bạc lấp lánh, đang ngoi lên đớp bọt, trong chum sành ngoài sân","combo__sub-con-ca-vang__cs-fish-vay-anh-bac__act-fish-dop-bot__ctx-fish-chum-sanh.webp","pending"
"combo__sub-con-ca-vang__cs-fish-vay-anh-bac__act-fish-nap-da__ctx-fish-binh-thuy-tinh","goldfish_level4","Con cá vàng","Vảy ánh bạc lấp lánh","Nấp sau hòn đá","Trong bình thuỷ tinh tròn","Con cá vàng, vảy ánh bạc lấp lánh, đang nấp sau hòn đá, trong bình thuỷ tinh tròn","combo__sub-con-ca-vang__cs-fish-vay-anh-bac__act-fish-nap-da__ctx-fish-binh-thuy-tinh.webp","pending"
"combo__sub-con-ca-vang__cs-fish-vay-anh-bac__act-fish-nap-da__ctx-fish-be-ca-soi","goldfish_level4","Con cá vàng","Vảy ánh bạc lấp lánh","Nấp sau hòn đá","Trong bể cá rải sỏi trắng","Con cá vàng, vảy ánh bạc lấp lánh, đang nấp sau hòn đá, trong bể cá rải sỏi trắng","combo__sub-con-ca-vang__cs-fish-vay-anh-bac__act-fish-nap-da__ctx-fish-be-ca-soi.webp","pending"
"combo__sub-con-ca-vang__cs-fish-vay-anh-bac__act-fish-nap-da__ctx-fish-chum-sanh","goldfish_level4","Con cá vàng","Vảy ánh bạc lấp lánh","Nấp sau hòn đá","Trong chum sành ngoài sân","Con cá vàng, vảy ánh bạc lấp lánh, đang nấp sau hòn đá, trong chum sành ngoài sân","combo__sub-con-ca-vang__cs-fish-vay-anh-bac__act-fish-nap-da__ctx-fish-chum-sanh.webp","pending"
"combo__sub-con-ca-vang__cs-fish-vay-anh-bac__act-fish-ria-rong__ctx-fish-binh-thuy-tinh","goldfish_level4","Con cá vàng","Vảy ánh bạc lấp lánh","Rỉa nhánh rong xanh","Trong bình thuỷ tinh tròn","Con cá vàng, vảy ánh bạc lấp lánh, đang rỉa nhánh rong xanh, trong bình thuỷ tinh tròn","combo__sub-con-ca-vang__cs-fish-vay-anh-bac__act-fish-ria-rong__ctx-fish-binh-thuy-tinh.webp","pending"
"combo__sub-con-ca-vang__cs-fish-vay-anh-bac__act-fish-ria-rong__ctx-fish-be-ca-soi","goldfish_level4","Con cá vàng","Vảy ánh bạc lấp lánh","Rỉa nhánh rong xanh","Trong bể cá rải sỏi trắng","Con cá vàng, vảy ánh bạc lấp lánh, đang rỉa nhánh rong xanh, trong bể cá rải sỏi trắng","combo__sub-con-ca-vang__cs-fish-vay-anh-bac__act-fish-ria-rong__ctx-fish-be-ca-soi.webp","pending"
"combo__sub-con-ca-vang__cs-fish-vay-anh-bac__act-fish-ria-rong__ctx-fish-chum-sanh","goldfish_level4","Con cá vàng","Vảy ánh bạc lấp lánh","Rỉa nhánh rong xanh","Trong chum sành ngoài sân","Con cá vàng, vảy ánh bạc lấp lánh, đang rỉa nhánh rong xanh, trong chum sành ngoài sân","combo__sub-con-ca-vang__cs-fish-vay-anh-bac__act-fish-ria-rong__ctx-fish-chum-sanh.webp","pending"
"combo__sub-con-cun","dog_level1","Con cún","","","","Chú cún con (1 từ thử nghiệm, chưa có chìa khóa)","combo__sub-con-cun.webp","pending"
"combo__sub-con-cun__cs-dog-long-vang","dog_level2","Con cún","Lông vàng hai tai cụp","","","Chú cún con, lông vàng hai tai cụp","combo__sub-con-cun__cs-dog-long-vang.webp","pending"
"combo__sub-con-cun__cs-dog-trang-dom","dog_level2","Con cún","Trắng đốm nâu quanh mắt","","","Chú cún con, trắng đốm nâu quanh mắt","combo__sub-con-cun__cs-dog-trang-dom.webp","pending"
"combo__sub-con-cun__cs-dog-long-xu","dog_level2","Con cún","Lông xù rối bù","","","Chú cún con, lông xù rối bù","combo__sub-con-cun__cs-dog-long-xu.webp","pending"
"combo__sub-con-cun__cs-dog-long-vang__act-dog-duoi-bong","dog_level3","Con cún","Lông vàng hai tai cụp","Chạy đuổi quả bóng","","Chú cún con, lông vàng hai tai cụp, đang chạy đuổi quả bóng","combo__sub-con-cun__cs-dog-long-vang__act-dog-duoi-bong.webp","pending"
"combo__sub-con-cun__cs-dog-long-vang__act-dog-ngoi-cho","dog_level3","Con cún","Lông vàng hai tai cụp","Ngồi vẫy đuôi chờ","","Chú cún con, lông vàng hai tai cụp, đang ngồi vẫy đuôi chờ","combo__sub-con-cun__cs-dog-long-vang__act-dog-ngoi-cho.webp","pending"
"combo__sub-con-cun__cs-dog-long-vang__act-dog-tha-dep","dog_level3","Con cún","Lông vàng hai tai cụp","Tha một chiếc dép","","Chú cún con, lông vàng hai tai cụp, đang tha một chiếc dép","combo__sub-con-cun__cs-dog-long-vang__act-dog-tha-dep.webp","pending"
"combo__sub-con-cun__cs-dog-trang-dom__act-dog-duoi-bong","dog_level3","Con cún","Trắng đốm nâu quanh mắt","Chạy đuổi quả bóng","","Chú cún con, trắng đốm nâu quanh mắt, đang chạy đuổi quả bóng","combo__sub-con-cun__cs-dog-trang-dom__act-dog-duoi-bong.webp","pending"
"combo__sub-con-cun__cs-dog-trang-dom__act-dog-ngoi-cho","dog_level3","Con cún","Trắng đốm nâu quanh mắt","Ngồi vẫy đuôi chờ","","Chú cún con, trắng đốm nâu quanh mắt, đang ngồi vẫy đuôi chờ","combo__sub-con-cun__cs-dog-trang-dom__act-dog-ngoi-cho.webp","pending"
"combo__sub-con-cun__cs-dog-trang-dom__act-dog-tha-dep","dog_level3","Con cún","Trắng đốm nâu quanh mắt","Tha một chiếc dép","","Chú cún con, trắng đốm nâu quanh mắt, đang tha một chiếc dép","combo__sub-con-cun__cs-dog-trang-dom__act-dog-tha-dep.webp","pending"
"combo__sub-con-cun__cs-dog-long-xu__act-dog-duoi-bong","dog_level3","Con cún","Lông xù rối bù","Chạy đuổi quả bóng","","Chú cún con, lông xù rối bù, đang chạy đuổi quả bóng","combo__sub-con-cun__cs-dog-long-xu__act-dog-duoi-bong.webp","pending"
"combo__sub-con-cun__cs-dog-long-xu__act-dog-ngoi-cho","dog_level3","Con cún","Lông xù rối bù","Ngồi vẫy đuôi chờ","","Chú cún con, lông xù rối bù, đang ngồi vẫy đuôi chờ","combo__sub-con-cun__cs-dog-long-xu__act-dog-ngoi-cho.webp","pending"
"combo__sub-con-cun__cs-dog-long-xu__act-dog-tha-dep","dog_level3","Con cún","Lông xù rối bù","Tha một chiếc dép","","Chú cún con, lông xù rối bù, đang tha một chiếc dép","combo__sub-con-cun__cs-dog-long-xu__act-dog-tha-dep.webp","pending"
"combo__sub-con-cun__cs-dog-long-vang__act-dog-duoi-bong__ctx-dog-san-gach","dog_level4","Con cún","Lông vàng hai tai cụp","Chạy đuổi quả bóng","Ở góc sân gạch đỏ","Chú cún con, lông vàng hai tai cụp, đang chạy đuổi quả bóng, ở góc sân gạch đỏ","combo__sub-con-cun__cs-dog-long-vang__act-dog-duoi-bong__ctx-dog-san-gach.webp","pending"
"combo__sub-con-cun__cs-dog-long-vang__act-dog-duoi-bong__ctx-dog-cay-bang","dog_level4","Con cún","Lông vàng hai tai cụp","Chạy đuổi quả bóng","Dưới gốc cây bàng","Chú cún con, lông vàng hai tai cụp, đang chạy đuổi quả bóng, dưới gốc cây bàng","combo__sub-con-cun__cs-dog-long-vang__act-dog-duoi-bong__ctx-dog-cay-bang.webp","pending"
"combo__sub-con-cun__cs-dog-long-vang__act-dog-duoi-bong__ctx-dog-tham-phong","dog_level4","Con cún","Lông vàng hai tai cụp","Chạy đuổi quả bóng","Trên thảm phòng khách","Chú cún con, lông vàng hai tai cụp, đang chạy đuổi quả bóng, trên thảm phòng khách","combo__sub-con-cun__cs-dog-long-vang__act-dog-duoi-bong__ctx-dog-tham-phong.webp","pending"
"combo__sub-con-cun__cs-dog-long-vang__act-dog-ngoi-cho__ctx-dog-san-gach","dog_level4","Con cún","Lông vàng hai tai cụp","Ngồi vẫy đuôi chờ","Ở góc sân gạch đỏ","Chú cún con, lông vàng hai tai cụp, đang ngồi vẫy đuôi chờ, ở góc sân gạch đỏ","combo__sub-con-cun__cs-dog-long-vang__act-dog-ngoi-cho__ctx-dog-san-gach.webp","pending"
"combo__sub-con-cun__cs-dog-long-vang__act-dog-ngoi-cho__ctx-dog-cay-bang","dog_level4","Con cún","Lông vàng hai tai cụp","Ngồi vẫy đuôi chờ","Dưới gốc cây bàng","Chú cún con, lông vàng hai tai cụp, đang ngồi vẫy đuôi chờ, dưới gốc cây bàng","combo__sub-con-cun__cs-dog-long-vang__act-dog-ngoi-cho__ctx-dog-cay-bang.webp","pending"
"combo__sub-con-cun__cs-dog-long-vang__act-dog-ngoi-cho__ctx-dog-tham-phong","dog_level4","Con cún","Lông vàng hai tai cụp","Ngồi vẫy đuôi chờ","Trên thảm phòng khách","Chú cún con, lông vàng hai tai cụp, đang ngồi vẫy đuôi chờ, trên thảm phòng khách","combo__sub-con-cun__cs-dog-long-vang__act-dog-ngoi-cho__ctx-dog-tham-phong.webp","pending"
"combo__sub-con-cun__cs-dog-long-vang__act-dog-tha-dep__ctx-dog-san-gach","dog_level4","Con cún","Lông vàng hai tai cụp","Tha một chiếc dép","Ở góc sân gạch đỏ","Chú cún con, lông vàng hai tai cụp, đang tha một chiếc dép, ở góc sân gạch đỏ","combo__sub-con-cun__cs-dog-long-vang__act-dog-tha-dep__ctx-dog-san-gach.webp","pending"
"combo__sub-con-cun__cs-dog-long-vang__act-dog-tha-dep__ctx-dog-cay-bang","dog_level4","Con cún","Lông vàng hai tai cụp","Tha một chiếc dép","Dưới gốc cây bàng","Chú cún con, lông vàng hai tai cụp, đang tha một chiếc dép, dưới gốc cây bàng","combo__sub-con-cun__cs-dog-long-vang__act-dog-tha-dep__ctx-dog-cay-bang.webp","pending"
"combo__sub-con-cun__cs-dog-long-vang__act-dog-tha-dep__ctx-dog-tham-phong","dog_level4","Con cún","Lông vàng hai tai cụp","Tha một chiếc dép","Trên thảm phòng khách","Chú cún con, lông vàng hai tai cụp, đang tha một chiếc dép, trên thảm phòng khách","combo__sub-con-cun__cs-dog-long-vang__act-dog-tha-dep__ctx-dog-tham-phong.webp","pending"
"combo__sub-con-cun__cs-dog-trang-dom__act-dog-duoi-bong__ctx-dog-san-gach","dog_level4","Con cún","Trắng đốm nâu quanh mắt","Chạy đuổi quả bóng","Ở góc sân gạch đỏ","Chú cún con, trắng đốm nâu quanh mắt, đang chạy đuổi quả bóng, ở góc sân gạch đỏ","combo__sub-con-cun__cs-dog-trang-dom__act-dog-duoi-bong__ctx-dog-san-gach.webp","pending"
"combo__sub-con-cun__cs-dog-trang-dom__act-dog-duoi-bong__ctx-dog-cay-bang","dog_level4","Con cún","Trắng đốm nâu quanh mắt","Chạy đuổi quả bóng","Dưới gốc cây bàng","Chú cún con, trắng đốm nâu quanh mắt, đang chạy đuổi quả bóng, dưới gốc cây bàng","combo__sub-con-cun__cs-dog-trang-dom__act-dog-duoi-bong__ctx-dog-cay-bang.webp","pending"
"combo__sub-con-cun__cs-dog-trang-dom__act-dog-duoi-bong__ctx-dog-tham-phong","dog_level4","Con cún","Trắng đốm nâu quanh mắt","Chạy đuổi quả bóng","Trên thảm phòng khách","Chú cún con, trắng đốm nâu quanh mắt, đang chạy đuổi quả bóng, trên thảm phòng khách","combo__sub-con-cun__cs-dog-trang-dom__act-dog-duoi-bong__ctx-dog-tham-phong.webp","pending"
"combo__sub-con-cun__cs-dog-trang-dom__act-dog-ngoi-cho__ctx-dog-san-gach","dog_level4","Con cún","Trắng đốm nâu quanh mắt","Ngồi vẫy đuôi chờ","Ở góc sân gạch đỏ","Chú cún con, trắng đốm nâu quanh mắt, đang ngồi vẫy đuôi chờ, ở góc sân gạch đỏ","combo__sub-con-cun__cs-dog-trang-dom__act-dog-ngoi-cho__ctx-dog-san-gach.webp","pending"
"combo__sub-con-cun__cs-dog-trang-dom__act-dog-ngoi-cho__ctx-dog-cay-bang","dog_level4","Con cún","Trắng đốm nâu quanh mắt","Ngồi vẫy đuôi chờ","Dưới gốc cây bàng","Chú cún con, trắng đốm nâu quanh mắt, đang ngồi vẫy đuôi chờ, dưới gốc cây bàng","combo__sub-con-cun__cs-dog-trang-dom__act-dog-ngoi-cho__ctx-dog-cay-bang.webp","pending"
"combo__sub-con-cun__cs-dog-trang-dom__act-dog-ngoi-cho__ctx-dog-tham-phong","dog_level4","Con cún","Trắng đốm nâu quanh mắt","Ngồi vẫy đuôi chờ","Trên thảm phòng khách","Chú cún con, trắng đốm nâu quanh mắt, đang ngồi vẫy đuôi chờ, trên thảm phòng khách","combo__sub-con-cun__cs-dog-trang-dom__act-dog-ngoi-cho__ctx-dog-tham-phong.webp","pending"
"combo__sub-con-cun__cs-dog-trang-dom__act-dog-tha-dep__ctx-dog-san-gach","dog_level4","Con cún","Trắng đốm nâu quanh mắt","Tha một chiếc dép","Ở góc sân gạch đỏ","Chú cún con, trắng đốm nâu quanh mắt, đang tha một chiếc dép, ở góc sân gạch đỏ","combo__sub-con-cun__cs-dog-trang-dom__act-dog-tha-dep__ctx-dog-san-gach.webp","pending"
"combo__sub-con-cun__cs-dog-trang-dom__act-dog-tha-dep__ctx-dog-cay-bang","dog_level4","Con cún","Trắng đốm nâu quanh mắt","Tha một chiếc dép","Dưới gốc cây bàng","Chú cún con, trắng đốm nâu quanh mắt, đang tha một chiếc dép, dưới gốc cây bàng","combo__sub-con-cun__cs-dog-trang-dom__act-dog-tha-dep__ctx-dog-cay-bang.webp","pending"
"combo__sub-con-cun__cs-dog-trang-dom__act-dog-tha-dep__ctx-dog-tham-phong","dog_level4","Con cún","Trắng đốm nâu quanh mắt","Tha một chiếc dép","Trên thảm phòng khách","Chú cún con, trắng đốm nâu quanh mắt, đang tha một chiếc dép, trên thảm phòng khách","combo__sub-con-cun__cs-dog-trang-dom__act-dog-tha-dep__ctx-dog-tham-phong.webp","pending"
"combo__sub-con-cun__cs-dog-long-xu__act-dog-duoi-bong__ctx-dog-san-gach","dog_level4","Con cún","Lông xù rối bù","Chạy đuổi quả bóng","Ở góc sân gạch đỏ","Chú cún con, lông xù rối bù, đang chạy đuổi quả bóng, ở góc sân gạch đỏ","combo__sub-con-cun__cs-dog-long-xu__act-dog-duoi-bong__ctx-dog-san-gach.webp","pending"
"combo__sub-con-cun__cs-dog-long-xu__act-dog-duoi-bong__ctx-dog-cay-bang","dog_level4","Con cún","Lông xù rối bù","Chạy đuổi quả bóng","Dưới gốc cây bàng","Chú cún con, lông xù rối bù, đang chạy đuổi quả bóng, dưới gốc cây bàng","combo__sub-con-cun__cs-dog-long-xu__act-dog-duoi-bong__ctx-dog-cay-bang.webp","pending"
"combo__sub-con-cun__cs-dog-long-xu__act-dog-duoi-bong__ctx-dog-tham-phong","dog_level4","Con cún","Lông xù rối bù","Chạy đuổi quả bóng","Trên thảm phòng khách","Chú cún con, lông xù rối bù, đang chạy đuổi quả bóng, trên thảm phòng khách","combo__sub-con-cun__cs-dog-long-xu__act-dog-duoi-bong__ctx-dog-tham-phong.webp","pending"
"combo__sub-con-cun__cs-dog-long-xu__act-dog-ngoi-cho__ctx-dog-san-gach","dog_level4","Con cún","Lông xù rối bù","Ngồi vẫy đuôi chờ","Ở góc sân gạch đỏ","Chú cún con, lông xù rối bù, đang ngồi vẫy đuôi chờ, ở góc sân gạch đỏ","combo__sub-con-cun__cs-dog-long-xu__act-dog-ngoi-cho__ctx-dog-san-gach.webp","pending"
"combo__sub-con-cun__cs-dog-long-xu__act-dog-ngoi-cho__ctx-dog-cay-bang","dog_level4","Con cún","Lông xù rối bù","Ngồi vẫy đuôi chờ","Dưới gốc cây bàng","Chú cún con, lông xù rối bù, đang ngồi vẫy đuôi chờ, dưới gốc cây bàng","combo__sub-con-cun__cs-dog-long-xu__act-dog-ngoi-cho__ctx-dog-cay-bang.webp","pending"
"combo__sub-con-cun__cs-dog-long-xu__act-dog-ngoi-cho__ctx-dog-tham-phong","dog_level4","Con cún","Lông xù rối bù","Ngồi vẫy đuôi chờ","Trên thảm phòng khách","Chú cún con, lông xù rối bù, đang ngồi vẫy đuôi chờ, trên thảm phòng khách","combo__sub-con-cun__cs-dog-long-xu__act-dog-ngoi-cho__ctx-dog-tham-phong.webp","pending"
"combo__sub-con-cun__cs-dog-long-xu__act-dog-tha-dep__ctx-dog-san-gach","dog_level4","Con cún","Lông xù rối bù","Tha một chiếc dép","Ở góc sân gạch đỏ","Chú cún con, lông xù rối bù, đang tha một chiếc dép, ở góc sân gạch đỏ","combo__sub-con-cun__cs-dog-long-xu__act-dog-tha-dep__ctx-dog-san-gach.webp","pending"
"combo__sub-con-cun__cs-dog-long-xu__act-dog-tha-dep__ctx-dog-cay-bang","dog_level4","Con cún","Lông xù rối bù","Tha một chiếc dép","Dưới gốc cây bàng","Chú cún con, lông xù rối bù, đang tha một chiếc dép, dưới gốc cây bàng","combo__sub-con-cun__cs-dog-long-xu__act-dog-tha-dep__ctx-dog-cay-bang.webp","pending"
"combo__sub-con-cun__cs-dog-long-xu__act-dog-tha-dep__ctx-dog-tham-phong","dog_level4","Con cún","Lông xù rối bù","Tha một chiếc dép","Trên thảm phòng khách","Chú cún con, lông xù rối bù, đang tha một chiếc dép, trên thảm phòng khách","combo__sub-con-cun__cs-dog-long-xu__act-dog-tha-dep__ctx-dog-tham-phong.webp","pending"
"combo__sub-meo-muop","cat_level1","Mèo Mướp","","","","Chú mèo mướp béo tròn (1 từ thử nghiệm, chưa có chìa khóa)","combo__sub-meo-muop.webp","pending"
"combo__sub-meo-muop__cs-cat-long-van-vang","cat_level2","Mèo Mướp","Lông vằn vàng cam","","","Chú mèo mướp béo tròn, bộ lông vằn màu cam vàng óng ả mịn màng","combo__sub-meo-muop__cs-cat-long-van-vang.webp","pending"
"combo__sub-meo-muop__cs-cat-beo-tron","cat_level2","Mèo Mướp","Béo tròn bụ bẫm","","","Chú mèo mướp béo tròn, thân hình béo tròn ú nu núng nính đáng yêu","combo__sub-meo-muop__cs-cat-beo-tron.webp","pending"
"combo__sub-meo-muop__cs-cat-chuong-vang","cat_level2","Mèo Mướp","Đeo chuông vàng","","","Chú mèo mướp béo tròn, cổ đeo chiếc lục lạc tròn màu vàng lấp lánh leng keng","combo__sub-meo-muop__cs-cat-chuong-vang.webp","pending"
"combo__sub-meo-muop__cs-cat-long-van-vang__act-cat-liem-chan","cat_level3","Mèo Mướp","Lông vằn vàng cam","Ngồi liếm láp bàn chân","","Chú mèo mướp béo tròn, bộ lông vằn màu cam vàng óng ả mịn màng, đang ngồi thong thả liếm láp bàn chân sạch sẽ","combo__sub-meo-muop__cs-cat-long-van-vang__act-cat-liem-chan.webp","pending"
"combo__sub-meo-muop__cs-cat-long-van-vang__act-cat-vuon-vai","cat_level3","Mèo Mướp","Lông vằn vàng cam","Vươn vai ngáp dài","","Chú mèo mướp béo tròn, bộ lông vằn màu cam vàng óng ả mịn màng, đang vươn vai duỗi dài hai chân trước ngáp ngủ","combo__sub-meo-muop__cs-cat-long-van-vang__act-cat-vuon-vai.webp","pending"
"combo__sub-meo-muop__cs-cat-long-van-vang__act-cat-dao-buoc","cat_level3","Mèo Mướp","Lông vằn vàng cam","Thong dong dạo bước","","Chú mèo mướp béo tròn, bộ lông vằn màu cam vàng óng ả mịn màng, đang thong thả bước đi từng bước nhẹ tênh","combo__sub-meo-muop__cs-cat-long-van-vang__act-cat-dao-buoc.webp","pending"
"combo__sub-meo-muop__cs-cat-beo-tron__act-cat-liem-chan","cat_level3","Mèo Mướp","Béo tròn bụ bẫm","Ngồi liếm láp bàn chân","","Chú mèo mướp béo tròn, thân hình béo tròn ú nu núng nính đáng yêu, đang ngồi thong thả liếm láp bàn chân sạch sẽ","combo__sub-meo-muop__cs-cat-beo-tron__act-cat-liem-chan.webp","pending"
"combo__sub-meo-muop__cs-cat-beo-tron__act-cat-vuon-vai","cat_level3","Mèo Mướp","Béo tròn bụ bẫm","Vươn vai ngáp dài","","Chú mèo mướp béo tròn, thân hình béo tròn ú nu núng nính đáng yêu, đang vươn vai duỗi dài hai chân trước ngáp ngủ","combo__sub-meo-muop__cs-cat-beo-tron__act-cat-vuon-vai.webp","pending"
"combo__sub-meo-muop__cs-cat-beo-tron__act-cat-dao-buoc","cat_level3","Mèo Mướp","Béo tròn bụ bẫm","Thong dong dạo bước","","Chú mèo mướp béo tròn, thân hình béo tròn ú nu núng nính đáng yêu, đang thong thả bước đi từng bước nhẹ tênh","combo__sub-meo-muop__cs-cat-beo-tron__act-cat-dao-buoc.webp","pending"
"combo__sub-meo-muop__cs-cat-chuong-vang__act-cat-liem-chan","cat_level3","Mèo Mướp","Đeo chuông vàng","Ngồi liếm láp bàn chân","","Chú mèo mướp béo tròn, cổ đeo chiếc lục lạc tròn màu vàng lấp lánh leng keng, đang ngồi thong thả liếm láp bàn chân sạch sẽ","combo__sub-meo-muop__cs-cat-chuong-vang__act-cat-liem-chan.webp","pending"
"combo__sub-meo-muop__cs-cat-chuong-vang__act-cat-vuon-vai","cat_level3","Mèo Mướp","Đeo chuông vàng","Vươn vai ngáp dài","","Chú mèo mướp béo tròn, cổ đeo chiếc lục lạc tròn màu vàng lấp lánh leng keng, đang vươn vai duỗi dài hai chân trước ngáp ngủ","combo__sub-meo-muop__cs-cat-chuong-vang__act-cat-vuon-vai.webp","pending"
"combo__sub-meo-muop__cs-cat-chuong-vang__act-cat-dao-buoc","cat_level3","Mèo Mướp","Đeo chuông vàng","Thong dong dạo bước","","Chú mèo mướp béo tròn, cổ đeo chiếc lục lạc tròn màu vàng lấp lánh leng keng, đang thong thả bước đi từng bước nhẹ tênh","combo__sub-meo-muop__cs-cat-chuong-vang__act-cat-dao-buoc.webp","pending"
"combo__sub-meo-muop__cs-cat-long-van-vang__act-cat-liem-chan__ctx-cat-them-nha","cat_level4","Mèo Mướp","Lông vằn vàng cam","Ngồi liếm láp bàn chân","Bên thềm nhà đón nắng","Chú mèo mướp béo tròn, bộ lông vằn màu cam vàng óng ả mịn màng, đang ngồi thong thả liếm láp bàn chân sạch sẽ, bên bậc thềm đá đón ánh nắng ban mai ấm áp","combo__sub-meo-muop__cs-cat-long-van-vang__act-cat-liem-chan__ctx-cat-them-nha.webp","pending"
"combo__sub-meo-muop__cs-cat-long-van-vang__act-cat-liem-chan__ctx-cat-tham-co","cat_level4","Mèo Mướp","Lông vằn vàng cam","Ngồi liếm láp bàn chân","Trên thảm cỏ xanh mướt","Chú mèo mướp béo tròn, bộ lông vằn màu cam vàng óng ả mịn màng, đang ngồi thong thả liếm láp bàn chân sạch sẽ, giữa bãi cỏ xanh non lấm tấm hoa cúc dại","combo__sub-meo-muop__cs-cat-long-van-vang__act-cat-liem-chan__ctx-cat-tham-co.webp","pending"
"combo__sub-meo-muop__cs-cat-long-van-vang__act-cat-liem-chan__ctx-cat-hien-nha","cat_level4","Mèo Mướp","Lông vằn vàng cam","Ngồi liếm láp bàn chân","Dưới bóng râm hiên nhà","Chú mèo mướp béo tròn, bộ lông vằn màu cam vàng óng ả mịn màng, đang ngồi thong thả liếm láp bàn chân sạch sẽ, dưới mái hiên gỗ mộc mạc thoáng mát","combo__sub-meo-muop__cs-cat-long-van-vang__act-cat-liem-chan__ctx-cat-hien-nha.webp","pending"
"combo__sub-meo-muop__cs-cat-long-van-vang__act-cat-vuon-vai__ctx-cat-them-nha","cat_level4","Mèo Mướp","Lông vằn vàng cam","Vươn vai ngáp dài","Bên thềm nhà đón nắng","Chú mèo mướp béo tròn, bộ lông vằn màu cam vàng óng ả mịn màng, đang vươn vai duỗi dài hai chân trước ngáp ngủ, bên bậc thềm đá đón ánh nắng ban mai ấm áp","combo__sub-meo-muop__cs-cat-long-van-vang__act-cat-vuon-vai__ctx-cat-them-nha.webp","pending"
"combo__sub-meo-muop__cs-cat-long-van-vang__act-cat-vuon-vai__ctx-cat-tham-co","cat_level4","Mèo Mướp","Lông vằn vàng cam","Vươn vai ngáp dài","Trên thảm cỏ xanh mướt","Chú mèo mướp béo tròn, bộ lông vằn màu cam vàng óng ả mịn màng, đang vươn vai duỗi dài hai chân trước ngáp ngủ, giữa bãi cỏ xanh non lấm tấm hoa cúc dại","combo__sub-meo-muop__cs-cat-long-van-vang__act-cat-vuon-vai__ctx-cat-tham-co.webp","pending"
"combo__sub-meo-muop__cs-cat-long-van-vang__act-cat-vuon-vai__ctx-cat-hien-nha","cat_level4","Mèo Mướp","Lông vằn vàng cam","Vươn vai ngáp dài","Dưới bóng râm hiên nhà","Chú mèo mướp béo tròn, bộ lông vằn màu cam vàng óng ả mịn màng, đang vươn vai duỗi dài hai chân trước ngáp ngủ, dưới mái hiên gỗ mộc mạc thoáng mát","combo__sub-meo-muop__cs-cat-long-van-vang__act-cat-vuon-vai__ctx-cat-hien-nha.webp","pending"
"combo__sub-meo-muop__cs-cat-long-van-vang__act-cat-dao-buoc__ctx-cat-them-nha","cat_level4","Mèo Mướp","Lông vằn vàng cam","Thong dong dạo bước","Bên thềm nhà đón nắng","Chú mèo mướp béo tròn, bộ lông vằn màu cam vàng óng ả mịn màng, đang thong thả bước đi từng bước nhẹ tênh, bên bậc thềm đá đón ánh nắng ban mai ấm áp","combo__sub-meo-muop__cs-cat-long-van-vang__act-cat-dao-buoc__ctx-cat-them-nha.webp","pending"
"combo__sub-meo-muop__cs-cat-long-van-vang__act-cat-dao-buoc__ctx-cat-tham-co","cat_level4","Mèo Mướp","Lông vằn vàng cam","Thong dong dạo bước","Trên thảm cỏ xanh mướt","Chú mèo mướp béo tròn, bộ lông vằn màu cam vàng óng ả mịn màng, đang thong thả bước đi từng bước nhẹ tênh, giữa bãi cỏ xanh non lấm tấm hoa cúc dại","combo__sub-meo-muop__cs-cat-long-van-vang__act-cat-dao-buoc__ctx-cat-tham-co.webp","pending"
"combo__sub-meo-muop__cs-cat-long-van-vang__act-cat-dao-buoc__ctx-cat-hien-nha","cat_level4","Mèo Mướp","Lông vằn vàng cam","Thong dong dạo bước","Dưới bóng râm hiên nhà","Chú mèo mướp béo tròn, bộ lông vằn màu cam vàng óng ả mịn màng, đang thong thả bước đi từng bước nhẹ tênh, dưới mái hiên gỗ mộc mạc thoáng mát","combo__sub-meo-muop__cs-cat-long-van-vang__act-cat-dao-buoc__ctx-cat-hien-nha.webp","pending"
"combo__sub-meo-muop__cs-cat-beo-tron__act-cat-liem-chan__ctx-cat-them-nha","cat_level4","Mèo Mướp","Béo tròn bụ bẫm","Ngồi liếm láp bàn chân","Bên thềm nhà đón nắng","Chú mèo mướp béo tròn, thân hình béo tròn ú nu núng nính đáng yêu, đang ngồi thong thả liếm láp bàn chân sạch sẽ, bên bậc thềm đá đón ánh nắng ban mai ấm áp","combo__sub-meo-muop__cs-cat-beo-tron__act-cat-liem-chan__ctx-cat-them-nha.webp","pending"
"combo__sub-meo-muop__cs-cat-beo-tron__act-cat-liem-chan__ctx-cat-tham-co","cat_level4","Mèo Mướp","Béo tròn bụ bẫm","Ngồi liếm láp bàn chân","Trên thảm cỏ xanh mướt","Chú mèo mướp béo tròn, thân hình béo tròn ú nu núng nính đáng yêu, đang ngồi thong thả liếm láp bàn chân sạch sẽ, giữa bãi cỏ xanh non lấm tấm hoa cúc dại","combo__sub-meo-muop__cs-cat-beo-tron__act-cat-liem-chan__ctx-cat-tham-co.webp","pending"
"combo__sub-meo-muop__cs-cat-beo-tron__act-cat-liem-chan__ctx-cat-hien-nha","cat_level4","Mèo Mướp","Béo tròn bụ bẫm","Ngồi liếm láp bàn chân","Dưới bóng râm hiên nhà","Chú mèo mướp béo tròn, thân hình béo tròn ú nu núng nính đáng yêu, đang ngồi thong thả liếm láp bàn chân sạch sẽ, dưới mái hiên gỗ mộc mạc thoáng mát","combo__sub-meo-muop__cs-cat-beo-tron__act-cat-liem-chan__ctx-cat-hien-nha.webp","pending"
"combo__sub-meo-muop__cs-cat-beo-tron__act-cat-vuon-vai__ctx-cat-them-nha","cat_level4","Mèo Mướp","Béo tròn bụ bẫm","Vươn vai ngáp dài","Bên thềm nhà đón nắng","Chú mèo mướp béo tròn, thân hình béo tròn ú nu núng nính đáng yêu, đang vươn vai duỗi dài hai chân trước ngáp ngủ, bên bậc thềm đá đón ánh nắng ban mai ấm áp","combo__sub-meo-muop__cs-cat-beo-tron__act-cat-vuon-vai__ctx-cat-them-nha.webp","pending"
"combo__sub-meo-muop__cs-cat-beo-tron__act-cat-vuon-vai__ctx-cat-tham-co","cat_level4","Mèo Mướp","Béo tròn bụ bẫm","Vươn vai ngáp dài","Trên thảm cỏ xanh mướt","Chú mèo mướp béo tròn, thân hình béo tròn ú nu núng nính đáng yêu, đang vươn vai duỗi dài hai chân trước ngáp ngủ, giữa bãi cỏ xanh non lấm tấm hoa cúc dại","combo__sub-meo-muop__cs-cat-beo-tron__act-cat-vuon-vai__ctx-cat-tham-co.webp","pending"
"combo__sub-meo-muop__cs-cat-beo-tron__act-cat-vuon-vai__ctx-cat-hien-nha","cat_level4","Mèo Mướp","Béo tròn bụ bẫm","Vươn vai ngáp dài","Dưới bóng râm hiên nhà","Chú mèo mướp béo tròn, thân hình béo tròn ú nu núng nính đáng yêu, đang vươn vai duỗi dài hai chân trước ngáp ngủ, dưới mái hiên gỗ mộc mạc thoáng mát","combo__sub-meo-muop__cs-cat-beo-tron__act-cat-vuon-vai__ctx-cat-hien-nha.webp","pending"
"combo__sub-meo-muop__cs-cat-beo-tron__act-cat-dao-buoc__ctx-cat-them-nha","cat_level4","Mèo Mướp","Béo tròn bụ bẫm","Thong dong dạo bước","Bên thềm nhà đón nắng","Chú mèo mướp béo tròn, thân hình béo tròn ú nu núng nính đáng yêu, đang thong thả bước đi từng bước nhẹ tênh, bên bậc thềm đá đón ánh nắng ban mai ấm áp","combo__sub-meo-muop__cs-cat-beo-tron__act-cat-dao-buoc__ctx-cat-them-nha.webp","pending"
"combo__sub-meo-muop__cs-cat-beo-tron__act-cat-dao-buoc__ctx-cat-tham-co","cat_level4","Mèo Mướp","Béo tròn bụ bẫm","Thong dong dạo bước","Trên thảm cỏ xanh mướt","Chú mèo mướp béo tròn, thân hình béo tròn ú nu núng nính đáng yêu, đang thong thả bước đi từng bước nhẹ tênh, giữa bãi cỏ xanh non lấm tấm hoa cúc dại","combo__sub-meo-muop__cs-cat-beo-tron__act-cat-dao-buoc__ctx-cat-tham-co.webp","pending"
"combo__sub-meo-muop__cs-cat-beo-tron__act-cat-dao-buoc__ctx-cat-hien-nha","cat_level4","Mèo Mướp","Béo tròn bụ bẫm","Thong dong dạo bước","Dưới bóng râm hiên nhà","Chú mèo mướp béo tròn, thân hình béo tròn ú nu núng nính đáng yêu, đang thong thả bước đi từng bước nhẹ tênh, dưới mái hiên gỗ mộc mạc thoáng mát","combo__sub-meo-muop__cs-cat-beo-tron__act-cat-dao-buoc__ctx-cat-hien-nha.webp","pending"
"combo__sub-meo-muop__cs-cat-chuong-vang__act-cat-liem-chan__ctx-cat-them-nha","cat_level4","Mèo Mướp","Đeo chuông vàng","Ngồi liếm láp bàn chân","Bên thềm nhà đón nắng","Chú mèo mướp béo tròn, cổ đeo chiếc lục lạc tròn màu vàng lấp lánh leng keng, đang ngồi thong thả liếm láp bàn chân sạch sẽ, bên bậc thềm đá đón ánh nắng ban mai ấm áp","combo__sub-meo-muop__cs-cat-chuong-vang__act-cat-liem-chan__ctx-cat-them-nha.webp","pending"
"combo__sub-meo-muop__cs-cat-chuong-vang__act-cat-liem-chan__ctx-cat-tham-co","cat_level4","Mèo Mướp","Đeo chuông vàng","Ngồi liếm láp bàn chân","Trên thảm cỏ xanh mướt","Chú mèo mướp béo tròn, cổ đeo chiếc lục lạc tròn màu vàng lấp lánh leng keng, đang ngồi thong thả liếm láp bàn chân sạch sẽ, giữa bãi cỏ xanh non lấm tấm hoa cúc dại","combo__sub-meo-muop__cs-cat-chuong-vang__act-cat-liem-chan__ctx-cat-tham-co.webp","pending"
"combo__sub-meo-muop__cs-cat-chuong-vang__act-cat-liem-chan__ctx-cat-hien-nha","cat_level4","Mèo Mướp","Đeo chuông vàng","Ngồi liếm láp bàn chân","Dưới bóng râm hiên nhà","Chú mèo mướp béo tròn, cổ đeo chiếc lục lạc tròn màu vàng lấp lánh leng keng, đang ngồi thong thả liếm láp bàn chân sạch sẽ, dưới mái hiên gỗ mộc mạc thoáng mát","combo__sub-meo-muop__cs-cat-chuong-vang__act-cat-liem-chan__ctx-cat-hien-nha.webp","pending"
"combo__sub-meo-muop__cs-cat-chuong-vang__act-cat-vuon-vai__ctx-cat-them-nha","cat_level4","Mèo Mướp","Đeo chuông vàng","Vươn vai ngáp dài","Bên thềm nhà đón nắng","Chú mèo mướp béo tròn, cổ đeo chiếc lục lạc tròn màu vàng lấp lánh leng keng, đang vươn vai duỗi dài hai chân trước ngáp ngủ, bên bậc thềm đá đón ánh nắng ban mai ấm áp","combo__sub-meo-muop__cs-cat-chuong-vang__act-cat-vuon-vai__ctx-cat-them-nha.webp","pending"
"combo__sub-meo-muop__cs-cat-chuong-vang__act-cat-vuon-vai__ctx-cat-tham-co","cat_level4","Mèo Mướp","Đeo chuông vàng","Vươn vai ngáp dài","Trên thảm cỏ xanh mướt","Chú mèo mướp béo tròn, cổ đeo chiếc lục lạc tròn màu vàng lấp lánh leng keng, đang vươn vai duỗi dài hai chân trước ngáp ngủ, giữa bãi cỏ xanh non lấm tấm hoa cúc dại","combo__sub-meo-muop__cs-cat-chuong-vang__act-cat-vuon-vai__ctx-cat-tham-co.webp","pending"
"combo__sub-meo-muop__cs-cat-chuong-vang__act-cat-vuon-vai__ctx-cat-hien-nha","cat_level4","Mèo Mướp","Đeo chuông vàng","Vươn vai ngáp dài","Dưới bóng râm hiên nhà","Chú mèo mướp béo tròn, cổ đeo chiếc lục lạc tròn màu vàng lấp lánh leng keng, đang vươn vai duỗi dài hai chân trước ngáp ngủ, dưới mái hiên gỗ mộc mạc thoáng mát","combo__sub-meo-muop__cs-cat-chuong-vang__act-cat-vuon-vai__ctx-cat-hien-nha.webp","pending"
"combo__sub-meo-muop__cs-cat-chuong-vang__act-cat-dao-buoc__ctx-cat-them-nha","cat_level4","Mèo Mướp","Đeo chuông vàng","Thong dong dạo bước","Bên thềm nhà đón nắng","Chú mèo mướp béo tròn, cổ đeo chiếc lục lạc tròn màu vàng lấp lánh leng keng, đang thong thả bước đi từng bước nhẹ tênh, bên bậc thềm đá đón ánh nắng ban mai ấm áp","combo__sub-meo-muop__cs-cat-chuong-vang__act-cat-dao-buoc__ctx-cat-them-nha.webp","pending"
"combo__sub-meo-muop__cs-cat-chuong-vang__act-cat-dao-buoc__ctx-cat-tham-co","cat_level4","Mèo Mướp","Đeo chuông vàng","Thong dong dạo bước","Trên thảm cỏ xanh mướt","Chú mèo mướp béo tròn, cổ đeo chiếc lục lạc tròn màu vàng lấp lánh leng keng, đang thong thả bước đi từng bước nhẹ tênh, giữa bãi cỏ xanh non lấm tấm hoa cúc dại","combo__sub-meo-muop__cs-cat-chuong-vang__act-cat-dao-buoc__ctx-cat-tham-co.webp","pending"
"combo__sub-meo-muop__cs-cat-chuong-vang__act-cat-dao-buoc__ctx-cat-hien-nha","cat_level4","Mèo Mướp","Đeo chuông vàng","Thong dong dạo bước","Dưới bóng râm hiên nhà","Chú mèo mướp béo tròn, cổ đeo chiếc lục lạc tròn màu vàng lấp lánh leng keng, đang thong thả bước đi từng bước nhẹ tênh, dưới mái hiên gỗ mộc mạc thoáng mát","combo__sub-meo-muop__cs-cat-chuong-vang__act-cat-dao-buoc__ctx-cat-hien-nha.webp","pending"